Тип документа,Адрес,Район,Номер распоряжения,Дата распоряжения,Площадь,Идентификатор
4. Постановление Правительства СПб. об утверждении,"ограниченная Приозерским направлением ж.д., административной границей Санкт-Петербурга, береговой лини",Красногвардейский,133,11.03.2014,242.62,919
4. Постановление Правительства СПб. об утверждении,"квартал 2А района Шувалово-Озерки, ограниченный Суздальским пр., кварталом № 2, ул. Жени Егоровой и Вы",Выборгский,866,17.07.2007,3.3,3934
4. Постановление Правительства СПб. об утверждении,"территория юго-восточной части квартала 61 района нежилой зоны ""Ржевка"", ограниченного Ириновским пр.,",Красногвардейский,1004,14.08.2007,4,3935
4. Постановление Правительства СПб. об утверждении,"территория юго-восточной части кв. 19-Б нежилой зоны ""Ржевка"", ограниченная проездом между д.83 и д.85",Красногвардейский,406,10.04.2007,3.8,3936
4. Постановление Правительства СПб. об утверждении,"ограниченная Московским шоссе, берегововй линией р. Волковки, осью подъездного ж.-д. пути",Московский,1544,08.11.2011,2.9,3937
4. Постановление Правительства СПб. об утверждении,"18 и 18а района Лиговского пр., ограниченная Лиговским пр., Расстанной ул., Боровой ул. и полосой отво",Фрунзенский,1005,12.08.2008,11.9,3942
4. Постановление Правительства СПб. об утверждении,"территория северной части кв.1-2  н/з ""Парнас"", ограниченная 2-м, 5-м Верхними проездами и продолжение",Выборгский,1409,14.11.2006,2.4,3943
4. Постановление Правительства СПб. об утверждении,территория кварталов 75А и 78А района Каменка,Приморский,1318,09.10.2007,74.6,3946
4. Постановление Правительства СПб. об утверждении,"ограниченная проектным продолжением Балканской ул., рекой Волковкой, полосой отвода ж/д Витебского нап",Фрунзенский,434,16.04.2008,16.1,3949
4. Постановление Правительства СПб. об утверждении,"квартал 17Б, ограниченный Уткиным пр., пр.Энергетиков, Заневским пр., перспективным проездом между ква",Красногвардейский,1210,27.10.2009,6.1,3950
4. Постановление Правительства СПб. об утверждении,"квартал, ограниченный пр. Луначарского, ул. Композиторов, ул.Асафьева и пр. Энгельса",Выборгский,1196,16.09.2008,23.4,3951
4. Постановление Правительства СПб. об утверждении,"квартал 55 СПЧ, ограниченный Туристской ул., Богатырским пр., Яхтенной ул. и ул. Оптиков",Приморский,1319,09.10.2007,44.2,3952
4. Постановление Правительства СПб. об утверждении,кв.18 ЮЗПЧ,Красносельский,1900,13.12.2005,22.3,3953
4. Постановление Правительства СПб. об утверждении,"квартал 2В района Ульянка, ограниченный ул. Солдата Корзуна, пр. Маршала Жукова, западной границей пар",Кировский,869,29.06.2010,13.6,3956
4. Постановление Правительства СПб. об утверждении,квартал 45 района Ржевка-Пороховые,Красногвардейский,995,14.08.2007,5.3,3957
4. Постановление Правительства СПб. об утверждении,"территория, ограниченная Пеньковой ул., Мичуринской ул., Петровской и Петроградской наб.",Петроградский,863,17.07.2007,8.3,3958
4. Постановление Правительства СПб. об утверждении,"ограниченная Транспортным пер., Лиговским пр., границей объекта культурного наследия регионального зна",Центральный,1338,13.09.2011,26.4,3961
4. Постановление Правительства СПб. об утверждении,"квартал 15 Восточнее проспекта Юрия Гагарина (ВЮГ), ограниченный пр. Космонавтов, Дунайским пр., Витеб",Московский,47,18.01.2011,44.9,3964
4. Постановление Правительства СПб. об утверждении,"квартал 44, ограниченный ул. Ленсовета, ул. Гастелло, ул. Фрунзе и пр. Юрия Гагарина",Московский,432,16.04.2008,17,3965
4. Постановление Правительства СПб. об утверждении,"Территория, ограниченная ул. Курчатова, Политехнической ул., ул. Шателена",Выборгский,810,07.07.2009,27.6,3973
4. Постановление Правительства СПб. об утверждении,"ограниченная Суздальским пр., Светлановским пр., Тимуровской ул., ул. Демьяна Бедного",Калининский,610,17.05.2011,26.8,3974
4. Постановление Правительства СПб. об утверждении,"квартал 1054, ограниченный ул. Рубинштейна, Щербаковым пер. и Загородным пр.",Центральный,1502,20.11.2007,2.1,3979
4. Постановление Правительства СПб. об утверждении,"территория, ограниченная Калязинской ул., Костромским пр. и Удельным пр.",Выборгский,1711,25.12.2007,1.2,3982
4. Постановление Правительства СПб. об утверждении,"Сестрорецк, территория, ограниченная Заречной дорогой, Приморским шоссе, соединительной веткой ж.д. Ку",Курортный,1328,21.10.2008,66.7,3983
4. Постановление Правительства СПб. об утверждении,"территория, ограниченная дорогой в Угольную гавань, пр. Стачек, ул. Морской пехоты и виадуком трамвайн",Кировский,1044,21.08.2007,2.2,3984
4. Постановление Правительства СПб. об утверждении,"территории, ограниченной ул. Академика Лебедева, Финским пер., пл. Ленина и ул. Комсомола",Калининский,1601,16.12.2008,2.5,3998
4. Постановление Правительства СПб. об утверждении,"Территория, ограниченная Ленинградской ул., административной границей между Курортным и Выборгским рай",Курортный,302,23.03.2010,6.4,3999
4. Постановление Правительства СПб. об утверждении,"квартал, ограниченный пр. Энтузиастов,ул. Осипенко, пр. Косыгина и Индустриальным .пр",Красногвардейский,67,20.01.2009,12.5,4002
4. Постановление Правительства СПб. об утверждении,"квартал 31 СУН, ограниченный Дальневосточным пр., подъездным путем ж.д. станции Дача Долгорукова - зав",Невский,820,01.07.2008,22.6,4003
4. Постановление Правительства СПб. об утверждении,"ограниченная наб. реки Б.Нева, продолжением Цимлянской ул., Большеохтинским пр., ул. Шаумяна и ул. Пом",Красногвардейский,367,31.03.2009,59.2,4004
4. Постановление Правительства СПб. об утверждении,"Территория, ограниченная ул. Аккуратова, Фермским шоссе, проектным продолжением Шаровой ул., проектным",Приморский,1526,22.12.2009,31.1,4006
4. Постановление Правительства СПб. об утверждении,"Территория, ограниченная Глухой Зелениной ул., Малой Зелениной ул., Резной ул., наб. Адмирала Лазарева",Петроградский,506,27.04.2010,5.6,4007
4. Постановление Правительства СПб. об утверждении,"территория, ограниченная пр. Славы, Софийской ул., Южным шоссе и проездом вдоль ж/д",Фрунзенский,862,17.07.2007,9.7,4008
4. Постановление Правительства СПб. об утверждении,"ограниченного Долгоозерной ул., Парашютной ул., ул. Маршала Новикова, Ольховой ул. и пр. Королева",Приморский,212,26.02.2008,31.8,4009
4. Постановление Правительства СПб. об утверждении,"ограниченная Гренадерской ул., Б. Сампсониевским пр., М. Сампсониевским пр. и Выборгской наб.",Выборгский,1009,27.07.2010,1.8,4010
4. Постановление Правительства СПб. об утверждении,"ограниченная Московским шоссе, р. Кузьминкой, Южной широтной магистралью и ж/д веткой Витебского напра",Пушкинский,620,29.05.2007,1160.3,4013
4. Постановление Правительства СПб. об утверждении,кв. 2А пос. Металлострой,Колпинский,618,29.05.2007,26.5,4014
4. Постановление Правительства СПб. об утверждении,"Территория, ограниченная ул. Ленсовета, Дунайским пр., Московским шоссе, Звездной ул.",Московский,513,27.04.2010,6.7,4015
4. Постановление Правительства СПб. об утверждении,"квартал 11 района восточнее Витебской ж/д, ограниченный ул. Турку, Пражской ул., пр. Славы и бухарестс",Фрунзенский,617,29.05.2007,44,4019
4. Постановление Правительства СПб. об утверждении,"территория, ограниченная направлением Окт. ж.д., ул. Орджоникидзе и проездом вдоль Витебского пр.",Московский,332,28.03.2007,10.4,4020
4. Постановление Правительства СПб. об утверждении,квартал № 46 района Ржевка-Пороховые,Красногвардейский,820,10.07.2007,14.3,4021
4. Постановление Правительства СПб. об утверждении,"Территория, ограниченная Гражданской ул., 1-м Путейским пер., Путейской ул., Кривоносовской ул.",Курортный,675,25.05.2010,2,4033
4. Постановление Правительства СПб. об утверждении,"территория, ограниченная Волхонским шоссе, Заводской ул., ул. Грибоедова и проектируемым проездом межд",Петродворцовый,1503,20.11.2007,20,4036
4. Постановление Правительства СПб. об утверждении,"Территория, ограниченная ул. Морского Десанта, Разводной ул., Санкт-Петербургским шоссе., Фабричной ул",Петродворцовый,739,07.06.2010,39.5,4042
4. Постановление Правительства СПб. об утверждении,"ограниченная Ермоловским пр., проектным продолжением ул. Борисова, наб. р. Сестры, ул. Володарского, п",Курортный,868,29.06.2010,57,4061
4. Постановление Правительства СПб. об утверждении,"квартала 34 В района Озеро Долгое, ограниченного Шуваловским пр., пр. Авиаконструкторов, ул. Шаврова и",Приморский,1471,13.11.2007,12.6,4062
4. Постановление Правительства СПб. об утверждении,"кв. 25А района Шувалово-Озерки, ограниченного пр. Просвещения, ул. Руднева, Поэтическим бульваром и ул",Выборгский,1006,12.08.2008,19.7,4063
4. Постановление Правительства СПб. об утверждении,"квартал 1 района Шувалово-Озерки, ограниченный Суздальским пр., ул. Композиторов, ул. Прокофьева и ул.",Выборгский,1110,04.09.2007,7.1,4064
4. Постановление Правительства СПб. об утверждении,"территория, ограниченная Полюстровским пр., Кантемировской ул. и ул. Харченко",Выборгский,1109,04.09.2007,15.6,4065
4. Постановление Правительства СПб. об утверждении,"Территория, ограниченная Мурзинской ул., Караваевской ул., ул. Юннатов и отводом Окт. ж.д.",Невский,213,26.02.2008,15.5,4069
4. Постановление Правительства СПб. об утверждении,"ограниченная Лиговским пр., ул. Некрасова, Греческим пр., Прудковским пер., Греческой пл.",Центральный,45,18.01.2011,4.6,4072
4. Постановление Правительства СПб. об утверждении,"ограниченного ул. Евдокима Огнева, Дальневосточным пр., ул. Крыленко и Искровским пр.",Невский,1616,11.12.2007,11.9,4078
4. Постановление Правительства СПб. об утверждении," квартала 20 Приморской Юго-западной части (ЮЗПЧ), ограниченный пр. Героев, Ленинским пр., проездом б/",Красносельский,1657,22.12.2008,50.6,4085
4. Постановление Правительства СПб. об утверждении,"территории, ограниченной Трамвайным пр., проездом, Автомобильной ул., пр. Народного ополчения",Кировский,1519,22.12.2009,11.2,4091
4. Постановление Правительства СПб. об утверждении,"квартал 21 ЮЗПЧ, ограниченный продолжением ул. Маршала Казакова, продолжением ул. Доблести, продолжени",Красносельский,974,05.08.2008,39.1,4093
4. Постановление Правительства СПб. об утверждении,"ограниченная Таврической ул., Таврическим пер., проектируемыми проездами, Кавалерградской ул., Шпалерн",Центральный,1756,21.12.2010,3,4101
4. Постановление Правительства СПб. об утверждении,"территория, ограниченная внутриквартальным проездом, ул. Есенина и пр. М. Тореза",Выборгский,1111,04.09.2007,2.7,4103
4. Постановление Правительства СПб. об утверждении,"территория, ограниченная Республиканской ул., Новочеркасским пр., Перевозным пер., наб. реки Невы",Красногвардейский,1195,18.09.2007,16.7,4106
4. Постановление Правительства СПб. об утверждении,Невской губы Финского залива западнее Васильевского острова,Василеостровский,1430,13.11.2007,420.8,4107
4. Постановление Правительства СПб. об утверждении,"ограниченная пр. Науки, Приозерским направлением ж.д., Пискаревским пр. и ул. Руставели",Калининский,433,16.04.2008,25.2,4108
4. Постановление Правительства СПб. об утверждении,"ограниченного ул. Евдокима Огнева, пр. Большевиков, ул. Крыленко и Искровским пр.",Невский,1615,11.12.2007,13.1,4110
4. Постановление Правительства СПб. об утверждении,"квартала 3 н/з ""Ручьи"", ограниченного Пискаревским направлением ж.д.,Пискаревским пр., проездом от нас",Красногвардейский,896,22.07.2008,77.1,4111
4. Постановление Правительства СПб. об утверждении,"квартал 7 н/з ""Парнас"", ограниченный 5-м Верхним проездом, Домостроительной ул., 6-м Верхним пр., пр. ",Выборгский,1215,18.09.2007,55.5,4112
4. Постановление Правительства СПб. об утверждении,"квартал 30 В нежилой зоны ""Обухово"", ограниченный Дунайским пр., Софийским пр., Складским проездом и К",Фрунзенский,1501,20.11.2007,11.3,4113
4. Постановление Правительства СПб. об утверждении,"Территория производственной зоны Ржевка, ограниченная проектируемой магистралью, Ладожским направление",Красногвардейский,518,27.04.2010,483.2,4114
4. Постановление Правительства СПб. об утверждении,"ограниченная Карпатской ул., перспективной пробивкой Балканской ул., Софийской ул., Грузовым проездом",Фрунзенский,1007,12.08.2008,54.1,4120
4. Постановление Правительства СПб. об утверждении,"ограниченная Старорусской ул., 8-ой Советской ул., Кирилловской ул.",Центральный,852,15.08.2012,1.6,4124
4. Постановление Правительства СПб. об утверждении,квартал 9 района Шувалово-Озерки,Выборгский,1214,18.09.2007,18.3,4128
4. Постановление Правительства СПб. об утверждении,"квартал 24-27 района Полюстрово, ограниченный Полюстровским пр., пр. Маршала Блюхера и Лабораторным пр",Калининский,1713,25.12.2007,56.6,4129
4. Постановление Правительства СПб. об утверждении,"ограниченная пр. Косыгина, пр. Наставников, Ленской ул., Индустриальным пр.",Красногвардейский,609,26.05.2009,32.5,4130
4. Постановление Правительства СПб. об утверждении,"ограниченная 10-ой Красноармейской ул., Якобштатским пер., 11-ой Красноармейской ул., Лермонтовским пр",Адмиралтейский,1286,23.09.2010,3.6,4146
4. Постановление Правительства СПб. об утверждении," ограниченная Колпинским шоссе, дорогой № 1 в Детскосельский и Центральной ул.",Пушкинский,703,10.06.2008,42,4150
4. Постановление Правительства СПб. об утверждении,"квартал, ограниченный ул. Дыбенко, пр. Большевиков, ул. Шотмана и Искровским пр.",Невский,1196,18.09.2007,44.6,4157
4. Постановление Правительства СПб. об утверждении,"ограниченная Московским пр., Благодатной ул., Кузнецовской ул. и Варшавской ул.",Московский,865,17.07.2007,17.3,4158
4. Постановление Правительства СПб. об утверждении,"Территория, ограниченная дорогой на Александровку, Баболовским шоссе, ручьем до Таицкого (разр.) водов",Пушкинский,165,12.02.2008,292.8,4162
4. Постановление Правительства СПб. об утверждении,"квартал 6 района Шувалово-Озерки, ограниченный ул. Жени Егоровой, ул. Прокофьева, ул. Композиторов и п",Выборгский,1710,25.12.2007,44.1,4166
4. Постановление Правительства СПб. об утверждении,"ограниченная проектируемой трассой ЗСД, Яхтенной ул., Восточным каналом Юнтоловской дачи, береговой ли",Приморский,1761,21.12.2010,347.5,4168
4. Постановление Правительства СПб. об утверждении,"Территория, ограниченная Стрельнинским шоссе, Геологической ул. и охранной зоной газораспределительной",Красносельский,214,26.02.2008,13.6,4169
4. Постановление Правительства СПб. об утверждении,"квартал 56 района Севернее Муринского ручья (СМР), ограниченного Лужской ул., ул. Руставели и пр. Луна",Калининский, 1498/1,02.11.2010,6.7,4170
4. Постановление Правительства СПб. об утверждении,территория производственной зоны на пересечении ЗСД и КАД в пос. Парголово,Выборгский,805,10.07.2007,171.9,4171
4. Постановление Правительства СПб. об утверждении,"Территория района Бадаевских складов, ограниченная Обводным каналом, Витебским направлением ж.д., Лиго",Московский,1663,07.12.2010,179.2,4172
4. Постановление Правительства СПб. об утверждении,"квартал, ограниченный ул. Димитрова, М. Бухарестской ул., Дунайским пр., Бухарестской ул.",Фрунзенский,1498,25.11.2008,50.1,4173
4. Постановление Правительства СПб. об утверждении,"Пос. Комарово, территория, ограниченная Кавалерийской ул., Большим пр., Горной ул. и ул. Лейтенантов",Курортный,36,15.01.2008,5.4,4177
4. Постановление Правительства СПб. об утверждении,"квартал 54 Северо-Приморской части (СПЧ), ограниченной Богатырским пр., Елагинским пр., Ситцевой ул., ",Приморский,375,15.04.2010,21.9,4180
4. Постановление Правительства СПб. об утверждении,"квартал 55 района Пороховые, ограниченный береговой линией р. Б.Охта, проектным продолжением пр. Ударн",Красногвардейский,44,18.01.2011,15.2,4181
4. Постановление Правительства СПб. об утверждении,"территория, ограниченная Зольной ул., подъездным путем ж.д. станции Дача Долгорукова - завод ""Баррикад",Невский,1495,25.11.2008,35.1,4189
4. Постановление Правительства СПб. об утверждении,"Территория кварталов 9А и 11Б, ограничкнная Феодосийской ул., Полюстровским пр., Пискаревским пр. и Св",Калининский,1522,02.12.2008,40.7,4193
4. Постановление Правительства СПб. об утверждении,"квартал 51 Северо-Приморской части (СПЧ), ограниченной Яхтенной ул., Камышовой ул., Елагинским пр., Бо",Приморский,1654,22.12.2008,17.3,4195
4. Постановление Правительства СПб. об утверждении,"квартал, ограниченный Херсонской ул., Исполкомской ул., Конной ул., и Перекупным пер.",Центральный,69,20.01.2009,2.9,4198
4. Постановление Правительства СПб. об утверждении,"ограниченного Малым пр. П.С., Ординарной ул., Большим пр. П.С.  и  ул. Плуталова",Петроградский,1429,11.11.2008,3.2,4203
4. Постановление Правительства СПб. об утверждении,"ограниченная Водопроводным пер., Смольной наб., Орловской ул., Таврическим пер., Таврической ул., Шпал",Центральный,500,29.04.2008,42.9,4208
4. Постановление Правительства СПб. об утверждении,"ограниченная ул.Шелгунова, ул.Седова,пр.Александровской Фермы,ул.Кибальчича, Белевским пр.",Невский,1315,11.12.2012,24,4223
4. Постановление Правительства СПб. об утверждении,"ограниченная Серебристым бульваром, Аэродромной ул.,Коломяжским пр.,ул.Генерала Хрулева",Приморский,670,26.06.2012,17.7,4224
4. Постановление Правительства СПб. об утверждении,"Кв. 36А г. Сестрорецка, ограниченный ул. Инструментальщиков, Транспортным пер. и Приморским шоссе",Курортный,210,26.02.2008,10.6,4228
4. Постановление Правительства СПб. об утверждении,"ограниченная проездом местного значения, 1-м Верхним пер., Верхней ул., 2-м Верхним пер. в промзоне ""П",Выборгский,299,23.03.2010,65.5,4239
4. Постановление Правительства СПб. об утверждении,"ограниченная пр. Энгельса, 8-м Верхним пер., пр. Культуры, 6-м Верхним пер.",Выборгский,334,24.03.2009,71.2,4242
4. Постановление Правительства СПб. об утверждении,"ограниченная пр. Маршала Жукова, Кронштадтской ул., дор. на Турухтанные острова",Кировский,1660,07.12.2010,10.7,4243
4. Постановление Правительства СПб. об утверждении,"Территория зоны влияния аэропорта ""Пулково"", ограниченная границей нежилой зоны ""Предпортовая-3"", с се",Московский,376,15.04.2010,1825.5,4253
4. Постановление Правительства СПб. об утверждении,"ограниченная Автобусной ул., ул. Маршала Новикова, Долгоозерной ул., Ново-Никитинской ул., Автобусным ",Приморский,750,23.06.2009,16.5,4256
4. Постановление Правительства СПб. об утверждении,"ограниченная Стародеревенской ул.,Мебельной ул.,Торфяной дорогой,Школьной ул.",Приморский,289,17.03.2009,25.3,4265
4. Постановление Правительства СПб. об утверждении,"ограниченная пр. Маршала Жукова, дорогой на Турухтанные острова, Кронштадтской ул., Портовой ул.",Кировский,1666,07.12.2010,29.8,4266
4. Постановление Правительства СПб. об утверждении,"квартала 12 района Шувалово-Озерки, ограниченного Выборгским шоссе, пр. Луначарского, пр. Энгельса",Выборгский,128,03.02.2009,43.7,4278
4. Постановление Правительства СПб. об утверждении,"Территория ""Марьино""",Петродворцовый,1671,07.12.2010,273.3,4279
4. Постановление Правительства СПб. об утверждении,"квартал 36-Б р-на оз. Долгое, ограниченный ул. Оптиков, ул. Стародеревенской, ул. Ситцевой, техническо",Приморский,228,24.02.2009,6,4280
4. Постановление Правительства СПб. о внес. изменений,"территория, ограниченная ул. Руставели, Токсовской ул., Муринским ручьем, ж/д Приозерского направления",Калининский,1705,25.12.2007,4.9,4281
4. Постановление Правительства СПб. об утверждении,"ограниченная ул. Салова, Бухарестской ул. и проектируемыми проездами",Фрунзенский,751,23.06.2009,16.7,4285
4. Постановление Правительства СПб. об утверждении," ограниченная с юга - Граничной ул.,с запада - проектируемой магистралью, с севера - границей Курортно",Приморский,288,17.03.2009,483.1,4302
4. Постановление Правительства СПб. об утверждении,"Территория, ограниченная ул. Крылова, Санкт-Петербургским шоссе, ручьем без названия и береговой линие",Петродворцовый,505,27.04.2010,115.8,4303
4. Постановление Правительства СПб. об утверждении,"Территория, ограниченная Садовой ул., ул. Анны Зеленовой, Партизанским пер., перспективной пробивкой П",Пушкинский,863,29.06.2010,19.6,4304
4. Постановление Правительства СПб. об утверждении,"ограниченная Большим пр., административной границей между Санкт-Петербургом и Ленинградской областью, ",Курортный,519,27.04.2010,66.2,4310
4. Постановление Правительства СПб. об утверждении,"Территория, ограниченная Рыбацким пр., устьем р.Славянки, акваторией р.Невы, проектируемым проездом",Невский,1280,23.09.2010,13.8,4311
4. Постановление Правительства СПб. об утверждении,"Территория, ограниченная Московским шоссе, проездом вдоль железной дороги, границей функциональной зон",Пушкинский,1604,16.12.2008,209,4319
4. Постановление Правительства СПб. об утверждении,"ограниченная Малой Карпатской ул., Дунайским пр., Карпатской ул., ул. Олеко Дундича",Фрунзенский,133,01.02.2011,11.9,4322
4. Постановление Правительства СПб. об утверждении,"ограниченная Сердобольской ул., Студенческой ул., Белоостровской ул., Земледельческой ул. и проектируе",Приморский,929,04.08.2009,35.9,4327
4. Постановление Правительства СПб. об утверждении,"ограниченная Северным пр.,ул.Вавиловых,ул. Академика Байкова,Светлановским пр.",Калининский,528,23.07.2013,15.6,4336
4. Постановление Правительства СПб. об утверждении,"ограниченная Ленинским пр., ул. Десантников, ул. Маршала Захарова, Брестским бульваром",Красносельский,1004,27.07.2010,7.1,4339
4. Постановление Правительства СПб. об утверждении,"расположенная в створе Таллинской ул., ограниченная береговой линией реки Нева",Красногвардейский,752,23.06.2009,2.2,4354
4. Постановление Правительства СПб. об утверждении,"ограниченная Заводским пр., проектным продолжением Пролетарской ул., ул. Машиностроителей, администрат",Колпинский,1164,30.10.2012,19.4,4368
4. Постановление Правительства СПб. об утверждении,"ограниченная ул. Кораблестройтелей, проектным продолжением Новосмоленской наб. и рекой Смоленкой",Василеостровский,1224,13.09.2010,4.6,4374
4. Постановление Правительства СПб. об утверждении,"территория, ограниченная ул. Михайлова, ул. Комсомола, Арсенальной ул. и Арсенальной наб.",Калининский,1317,11.12.2012,14.2,4376
4. Постановление Правительства СПб. об утверждении," ограниченная Северным проездом, Центральным проездом, дорогой в Металлострой, в пос. Металлострой  (п",Колпинский,126,03.02.2009,106.3,4380
4. Постановление Правительства СПб. об утверждении,"кв. 9А района Севернее улицы Новоселов (СУН), ограниченный ул. Коллонтай, ул. Белышева, ул. Подвойског",Невский,928,04.08.2009,23.9,4391
4. Постановление Правительства СПб. об утверждении,"ограниченная проектными красными линиями ул. Пилотов, Взлетной ул.,проектными красными линиями Дачного",Московский,704,10.06.2008,22.8,4392
4. Постановление Правительства СПб. об утверждении,"ограниченная ул. Бабушкина, ул. Ольги Берггольц, пр. Обуховской Обороны, ул. Ткачей",Невский,337,22.03.2011,13.3,4406
4. Постановление Правительства СПб. об утверждении,"квартал 38А района Севернее Муринского ручья (СМР), ограниченная Тимуровской ул., ул. Ольги Форш, пр. ",Калининский,1065,25.12.2013,17.7,4408
4. Постановление Правительства СПб. об утверждении,"ограниченная Крестовским пр., Спортивной ул., берегом р.Малая Невка, проектируемым проездом от р.Малая",Петроградский,1665,07.12.2010,19.7,4415
4. Постановление Правительства СПб. об утверждении,"ограниченная Бухарестской ул., Южным шоссе, Софийской ул., ул. Димитрова",Фрунзенский,1287,23.09.2010,122.3,4422
4. Постановление Правительства СПб. об утверждении,"Территория, ограниченная Средним пр. В.О., ул. Репина, Большим пр. В.О., 2-й линией В.О.",Василеостровский,507,27.04.2010,4.2,4429
4. Постановление Правительства СПб. об утверждении,"ограниченная ул. Лермонтова, ул. Массальского, пр. Ленина, Гвардейской ул.",Красносельский,1005,27.07.2010,9.3,4431
4. Постановление Правительства СПб. об утверждении,"Территория, ограниченная Коломяжским пр., пр. Испытателей, границей территории объекта культурного нас",Приморский,509,27.04.2010,16.1,4433
4. Постановление Правительства СПб. об утверждении,"ограниченная пр. Косыгина, ул. Коммуны, Ленской ул., Белорусской ул.",Красногвардейский,1007,27.07.2010,7.3,4436
4. Постановление Правительства СПб. об утверждении,"ограниченная Барочной ул., ул. Профессора Попова, ул. Даля, наб.р.Карповки",Петроградский,1754,21.12.2010,3,4444
4. Постановление Правительства СПб. об утверждении,"территория севернее лесопарка ""Ново-Орловский"", ограниченная персп. продолжением Суздальского пр., про",Приморский,867,17.07.2007,279.9,4455
4. Постановление Правительства СПб. об утверждении,"прооизводственная зона ""Рыбацкое""",Невский,1288,23.09.2010,374.4,4460
4. Постановление Правительства СПб. об утверждении,"Территория производственной зоны ""Обухово""",Фрунзенский,1339,05.10.2010,281.7,4461
4. Постановление Правительства СПб. об утверждении,"ограниченная пр. Обуховской Обороны, ул. Профессора Качалова, Зеркальным пер., Мельничной ул.",Невский,374,15.04.2010,8.5,4466
4. Постановление Правительства СПб. об утверждении, кварталов 28 и 28А Юго-Западной Приморской части (участок 3 и 4  северо-западнее пересечения ул. Добл,Красносельский,1282,23.09.2010,30.1,4472
4. Постановление Правительства СПб. об утверждении,"Красное Село, Гатчинское шоссе (сечеро-восточнее пересечения Гатчинского шоссе и Красногородской ул.),",Красносельский,1671,29.12.2008,35.6,4479
4. Постановление Правительства СПб. об утверждении,"участок 1 севернее пересечения с 3-м Верхним пер. (""Северная долина"")",Выборгский,1431,17.11.2008,303.4,4481
4. Постановление Правительства СПб. об утверждении,"Территория северо-восточнее Ольгино, ограниченная проектным продолжением ул. Новой, проектируемыми про",Приморский,856,28.06.2011,19.9,4483
4. Постановление Правительства СПб. об утверждении,"Территория, ограниченной пр. Энгельса, Новороссийской ул., Новосильцевским пер.",Выборгский,508,27.04.2010,1,4485
4. Постановление Правительства СПб. об утверждении,расположенная северо-западнее пересечения кольцевой автомобильной дороги вокруг Санкт-Петербурга (КАД),Выборгский,1157,13.10.2009,211.5,4489
4. Постановление Правительства СПб. об утверждении,кварталы 29 и 29А Юго-Западной части Санкт-Петербурга (участки 1 и 2 северо-западнее пересечения ул. Д,Красносельский,607,17.05.2011,40,4492
4. Постановление Правительства СПб. об утверждении,"ограниченная Таллинским шоссе, проектируемым проездом, границей отвода Октябрьской железной дороги, гр",Красносельский,927,04.08.2009,16.1,4500
4. Постановление Правительства СПб. об утверждении,"Территория, ограниченная ул. Плеханова, ул. Тургенева, Санкт-Петербургским ш., Кропоткинской ул.",Петродворцовый,621,17.05.2010,2,4501
4. Постановление Правительства СПб. об утверждении,"ограниченная проектным подолжением Индустриального пр., Шафировским пр., продолжением Шафировского пр.",Красногвардейский,81,13.02.2014,90.9,4503
4. Постановление Правительства СПб. об утверждении,"ограниченная ул. Лобачика, Вокзальной ул., Речной ул., Александровским шоссе, в границах муниципальног",Курортный,605,17.05.2011,2.3,4511
4. Постановление Правительства СПб. об утверждении,"квартал, ограниченный ул. Бабушкина, Леснозаводской ул., Белевским пер. и ул. Шелгунова",Невский,70,20.01.2009,10.7,4518
4. Постановление Правительства СПб. об утверждении,"Территория, ограниченная ул. Карбышева, Политехнической ул., Новороссийской ул., Октябрьской железной ",Калининский,1521,22.12.2009,28.8,4520
4. Постановление Правительства СПб. об утверждении,"ограниченная Боткинской ул., ул. Академика Лебедева, внутриквартальным проездом, Октябрьской железной ",Калининский,749,23.06.2009,2.8,4523
4. Постановление Правительства СПб. об утверждении,"Территория, ограниченная Суздальским пр., пр. Энгельса, ул. Шостаковича, ул. Симонова",Выборгский,1757,21.12.2010,31.6,4537
4. Постановление Правительства СПб. об утверждении," ограниченная Дальневосточным пр., ул.Зольной, Складской ул., перспективным положением ул. Еремеева",Невский,227,24.02.2009,9.5,4541
4. Постановление Правительства СПб. об утверждении," ограниченная  пр. 9-ого Января,Грузовым проездом и отводом Окт.ж.д.",Фрунзенский,68,20.01.2009,3.6,4542
4. Постановление Правительства СПб. об утверждении,"ограниченная ул. Ивана Черных, проектируемой магистралью,ул. Маршала Говорова, ул. Метростроевцев, Мол",Кировский,1336,13.09.2011,5.4,4552
4. Постановление Правительства СПб. об утверждении,"ограниченная береговой линией Финского залива, административной границей муниципального образования г.",Курортный,189,15.02.2011,40.9,4555
4. Постановление Правительства СПб. об утверждении,"ограниченная 1-ой Советской ул., Орловским пер., 2-ой Советской ул., Суворовским пр.",Центральный,1243,27.11.2012,4.2,4566
4. Постановление Правительства СПб. об утверждении,"квартал 28 района Озеро Долгое, ограниченный Комендантским пр., ул. Ильюшина, пр. Авиаконструкторов и ",Приморский,894,22.07.2008,48.6,4567
4. Постановление Правительства СПб. об утверждении,"территория, ограниченная Фарворовской ул., ул.Бабушкина, ул. Полярников, ул. Седова",Невский,1521,02.12.2008,22,4570
4. Постановление Правительства СПб. об утверждении,"Территория, ограниченная Санкт-Петербургским шоссе, ручьем, проектируемой магистралью, Гофмейстерской ",Петродворцовый,520,27.04.2010,94,4571
4. Постановление Правительства СПб. об утверждении," ограниченная ул. Маршала Говорова, ул. Швецова, Еленинским пер., проектным продолжением Лермонтовског",Кировский,530,23.07.2013,10.4,4575
4. Постановление Правительства СПб. об утверждении,Территория квартала 10А западнее ул. Спирина,Красносельский,557,12.05.2009,22.4,4577
4. Постановление Правительства СПб. об утверждении,"ограниченная Боровой ул., Прилукской ул., Воронежской ул., Расстанной ул.",Фрунзенский,517,27.04.2010,4.4,4581
4. Постановление Правительства СПб. об утверждении,"Территория, ограниченная Прилукской ул., Лиговским пр., Расстанной ул., Воронежской ул.",Фрунзенский,515,27.04.2010,4.6,4582
4. Постановление Правительства СПб. об утверждении,"территория, ограниченная пр. Энгельса, Суздальским пр., пр. Художников, Придорожной аллеей",Выборгский,1496,25.11.2008,11,4592
4. Постановление Правительства СПб. об утверждении,"ограниченная Дивенской ул., Певческим пер., Б. Посадской ул., М. Монетной ул.",Петроградский,1135,26.08.2010,2.6,4623
4. Постановление Правительства СПб. об утверждении,"ограниченной пр. Шаумяна, Заневским пр., рекой Оккервиль, Гранитной ул.",Красногвардейский,864,29.06.2010,42.8,4628
4. Постановление Правительства СПб. об утверждении,"Территория, ограниченная пр. Энергетиков, ул. Стасовой, Салтыковской дорогой, проектируемым проездом",Красногвардейский,335,24.03.2009,10.2,4631
4. Постановление Правительства СПб. об утверждении,"Территория, ограниченная ул. Генерала Симоняка, ул. Стойкости, пр. Маршала Жукова, пр. Ветеранов, в Ки",Кировский,481,28.04.2009,41.9,4635
4. Постановление Правительства СПб. об утверждении,"ограниченная пр. Авиаконструкторов, Долгоозерной ул., Планерной ул.",Приморский,48,18.01.2011,5.5,4636
4. Постановление Правительства СПб. об утверждении,"территория, ограниченная Новгородской ул., ул.Моисеенко и Дегтярным пер. (НЕВСКАЯ  РАТУША)",Центральный,71,20.01.2009,10.9,4638
4. Постановление Правительства СПб. об утверждении,"кв. 37 района Севернее улицы Новоселов (СУН), ограниченный пр. Большевиков, ул. Тельмана, границей отв",Невский,1600,16.12.2008,11.5,4639
4. Постановление Правительства СПб. об утверждении,"ограниченная Ольховой ул., ул. Маршала Новикова, пр. Королева",Приморский,859,15.08.2012,10.3,4648
4. Постановление Правительства СПб. об утверждении,"производственной зоны ""Ижорские заводы"", ограниченной маг. №1, южной границей ЗУ (кад. номер 78:37:172",Колпинский,1759,21.12.2010,178.4,4651
4. Постановление Правительства СПб. об утверждении,"квартала 5А Севернее улицы Новоселов (СУН), ограниченной продолжением ул. Тельмана, пр. Большевиков, п",Невский,645,24.05.2011,9.6,4652
4. Постановление Правительства СПб. об утверждении,"ограниченная Якорной ул., пр. Металлистов, Магнитогорской ул., пр. Шаумяна, Красногвардейской пл.",Красногвардейский,1758,21.12.2010,15.9,4653
4. Постановление Правительства СПб. об утверждении,"Территория, огграниченная ул. Чайковского, Моховой ул., ул. Пестеля, Гагаринской ул.",Центральный,1522,22.12.2009,5.5,4654
4. Постановление Правительства СПб. об утверждении,"территория кварталов 2А и 2 Г района Ульянка, ограниченная  пр. Стачек, ул. Лени Голикова, проездом кв",Кировский,613,17.05.2011,25.8,4693
4. Постановление Правительства СПб. об утверждении,"Территория, ограниченная пр. Обуховской Обороны, ул. Книпович, ул. Стеклянной, межквартальным проездом",Невский,510,27.04.2010,1.8,4696
4. Постановление Правительства СПб. об утверждении,"ограниченная проектным продолжением Стеклянной ул., Стеклянной ул., ул. Книпович, Хрустальной ул., про",Невский,869,21.07.2009,9.5,4697
4. Постановление Правительства СПб. об утверждении,"ограниченная административными границами муниципального образования поселок Репино, береговой линией Ф",Курортный,1669,07.12.2010,1503.5,4708
4. Постановление Правительства СПб. об утверждении,"ограниченная полосой отвода ж.д., северо-западной административной границей МО пос. Комарово, берегово",Курортный,1670,07.12.2010,821.9,4710
4. Постановление Правительства СПб. об утверждении,"ограниченная железнодорожной веткой на станцию Обухово (окружной железной дорогой), границей отвода ко",Фрунзенский,1497,25.11.2008,9.5,4720
4. Постановление Правительства СПб. об утверждении,"ограниченная ул. Латышских Стрелков, Зольной ул., береговой линией р. Оккервиль, ул. Ворошилова",Невский,1337,13.09.2011,41,4737
4. Постановление Правительства СПб. об утверждении,"квартал 63 района СПЧ, ограниченный Яхтенной ул., ул. Савушкина, проектируемым проездом, проектируемой",Приморский,22,24.01.2014,23.7,4750
4. Постановление Правительства СПб. об утверждении," ограниченная Загородным пр., пер. Джамбула, наб.р. Фонтанки, внутриквартальным проездом",Центральный,811,07.07.2009,5,4755
4. Постановление Правительства СПб. об утверждении,"квартал, ограниченный ул. Передовиков, пр. Косыгина, Индустриальным пр.",Красногвардейский,1209,27.10.2009,35.3,4758
4. Постановление Правительства СПб. об утверждении,"ограниченная Наличной ул., Уральской ул., перспективным продолжением пр. Кима",Василеостровский,1006,27.07.2010,4.7,4763
4. Постановление Правительства СПб. об утверждении,"Территория части производственной зоны ""Парнас"", ограниченной 5-м Верхним пер., Домостроительной  ул.,",Выборгский,1338,05.10.2010,19.6,4778
4. Постановление Правительства СПб. об утверждении,"Территория, ограниченная пробивкой пр. Королева,ул. Шаврова, Комендантским пр., Шуваловским пр.",Приморский,514,27.04.2010,18.9,4785
4. Постановление Правительства СПб. об утверждении,"ограниченная ул.Строителей, проектным продолжением Торфяной ул., границей функциональной зоны ""ПД"", по",Курортный,855,28.06.2011,9.8,4790
4. Постановление Правительства СПб. об утверждении,"ограниченная Народной ул., линией отвода ж.д., административной границей между Санкт-Петербургом и Лен",Невский,1661,07.12.2010,12.9,4801
4. Постановление Правительства СПб. об утверждении," ограниченная пр. Ленина, ул. Коммуны, Финляндской ул., Советским бульваром",Колпинский, 1497/1,02.11.2010,4.4,4816
4. Постановление Правительства СПб. об утверждении,"ограниченная ул. Михаила Дудина, пр. Энгельса, проектируемой пешеходной ул., перспективной пробивкой 9",Выборгский,40,28.01.2014,4.4,4826
4. Постановление Правительства СПб. об утверждении,"ограниченная Пловдиевской ул., Загребским бульваром, Дунайским пр. и Будапештской ул.",Фрунзенский,338,22.03.2011,19.9,4831
4. Постановление Правительства СПб. об утверждении," ограниченная Тобольской ул., Лесным пр., ул. Смолячкова, Б.Сампсониевским пр.",Выборгский,1656,22.12.2008,6.8,4844
4. Постановление Правительства СПб. об утверждении,"Территория, ограниченная пр. Испытателей, пр. Сизова, Туполевской ул., Комендантской пл.",Приморский,138,09.02.2010,19.4,4849
4. Постановление Правительства СПб. об утверждении,"ограниченная пр. Энергетиков, пр. Маршала Блюхера, Салтыковской дор., ул. Стасовой",Красногвардейский,1077,22.09.2009,16.9,4856
4. Постановление Правительства СПб. об утверждении,"Территория квартала № 6 производственной зоны  ""Металлострой"", ограниченной дор. в Металлострой, красн",Колпинский,1375,25.11.2009,159.1,4865
4. Постановление Правительства СПб. об утверждении,"Территория квартала 8 производственной зоны ""Металлострой"" а пос. Металоострой",Колпинский,1376,25.11.2009,50.5,4866
4. Постановление Правительства СПб. об утверждении,"квартал 1 В.О., ограниченный Новосмоленской наб., ул. Кораблестроителей, ул. Нахимова и Наличной ул.",Василеостровский,1006,14.08.2007,71.1,4868
4. Постановление Правительства СПб. об утверждении,"территория производственной зоны ""Каменка"", расположенной северо-восточнее и юго-западнее пересечения ",Выборгский,651,24.05.2010,408.2,4881
4. Постановление Правительства СПб. об утверждении,территория строительства морского пассажирского терминала на Васильевском острове в Санкт-Петербурге н,Василеостровский,1431,13.11.2007,67.1,4891
4. Постановление Правительства СПб. об утверждении,"ограниченная Приморским  шоссе, административной границей г. Сестрорецка, границей функциональной зоны",Курортный,1335,13.09.2011,280.3,4895
4. Постановление Правительства СПб. об утверждении,"Территория, ограниченная 10-й линий В.О., наб.р. Смоленки, 9-й линией В.О., Малым пр. В.О.",Василеостровский,1524,22.12.2009,4.9,4899
4. Постановление Правительства СПб. об утверждении,"квартал, ограниченный пр. Науки, ул. Карпинского, ул. Верности, ул. Бутлерова",Калининский,226,24.02.2009,49.1,4906
4. Постановление Правительства СПб. об утверждении,"квартал 13  восточнее пр. Юрия Гагарина (ВЮГ), ограниченного пр. Космонавтов, Звездной ул., Витебским ",Московский,202,17.02.2009,14.9,4907
4. Постановление Правительства СПб. об утверждении,"Кв. 26, ограниченного Пискаревским пр., Львовской ул., Апрельской ул. и пр. Металлистов",Красногвардейский,293,18.03.2008,34.9,4910
4. Постановление Правительства СПб. об утверждении,"произвенной зоны ""Ижорские заводы"", ограниченной проектируемой улицей №1, проектируемой магистралью №1",Колпинский,1760,21.12.2010,47.7,4919
4. Постановление Правительства СПб. об утверждении,"производственная зона ""Ижорские заводы"", ограниченная продолжением Софийской ул., магистрали №1, проез",Колпинский,1670,29.12.2008,55.7,4921
4. Постановление Правительства СПб. об утверждении,"Территория п/з ""Восточная"" (""Пушкинская""), ограниченная южной границей ЗУ Ж.Д. от ж.-д. станции ""Детск",Пушкинский,46,18.01.2011,35.8,4931
4. Постановление Правительства СПб. об утверждении,"ограниченная ул. Коробицина, проектируемым проездом, Приозерной ул., садоводческим некоммерческим това",Курортный,1283,23.09.2010,9.7,4933
4. Постановление Правительства СПб. об утверждении,"ограниченная ул. Грибакиных, полосой отвода железной дороги, пр. Александровской Фермы, внутрикварталь",Невский,529,23.07.2013,112.7,4941
4. Постановление Правительства СПб. об утверждении,"ограниченная Советским пр., 3-й Поперечной ул., береговой линией озера Сестрорецкий Разлив, проектируе",Курортный,1417,19.10.2010,56.9,4944
4. Постановление Правительства СПб. об утверждении,"территория, ограниченная Северным пр., границей функциональной зоны ""Д"", проектируемым проездом",Выборгский,1168,30.10.2012,3.5,4952
4. Постановление Правительства СПб. об утверждении,"ограниченная Рябовским шоссе, Сосновой ул., продолжением Сосновой ул., полосой отвода железной дороги",Красногвардейский,42,28.01.2014,7.2,4967
4. Постановление Правительства СПб. об утверждении,"ограниченная Железнодорожной ул., Центральной ул., Октябрьской железной дорогой, продолжением Полевой ",Колпинский,131,01.02.2011,8.6,4977
4. Постановление Правительства СПб. об утверждении," кв. 12А ВВЖД, ограниченного ул.Белы Куна, Бухарестской ул. и ул. Турку (станция метрополитена ""Междун",Фрунзенский,1613,11.12.2007,9,4984
4. Постановление Правительства СПб. об утверждении,"Территория, ограниченная Гусарской ул., Саперной ул., ул. Ломоносова, Полевой ул.",Пушкинский,132,01.02.2011,115.4,4987
4. Постановление Правительства СПб. об утверждении,"ограниченная ул. Ефимова, Садовой ул., межквартальными проездами",Адмиралтейский,1380,25.12.2012,2.4,4997
4. Постановление Правительства СПб. об утверждении,"территрия, ограниченная Малым пр. П.С., Рыбацкой ул., Большим пр. П.С. и Ропшинской ул.",Петроградский,654,03.06.2008,1.5,5003
4. Постановление Правительства СПб. об утверждении,"граниченная Малым пр. П.С., Ропшинской ул., Большим пр. П.С., Красносельской ул.",Петроградский,1281,23.09.2010,1.3,5005
4. Постановление Правительства СПб. об утверждении,"ограниченная ул. Лизы Чайкиной, Большим пр. П.С., Введенской ул., Б. Пушкарской ул.",Петроградский,857,15.08.2012,1.9,5006
4. Постановление Правительства СПб. об утверждении,"ограниченная Будапештской ул., ул. Фучика, Бухарестской ул., межквартальным проездом",Фрунзенский,1744,23.12.2011,10.7,5022
4. Постановление Правительства СПб. об утверждении,"ограниченная Пляжевой ул., Приморским шоссе, 4-ой Пляжевой ул. и  2-ой Пляжевой ул.",Курортный,1207,07.09.2010,13.2,5031
4. Постановление Правительства СПб. об утверждении,Территория юго-восточнее пересечения транспортного узла на пересечении проектируемой трассы Западного ,Выборгский,1662,07.12.2010,5.2,5038
4. Постановление Правительства СПб. об утверждении,"Территория, ограниченная Выборгским шоссе, ул. Ломоносова и дорогой на Каменку",Выборгский,211,26.02.2008,82.2,5048
4. Постановление Правительства СПб. об утверждении,"территория,ограниченная  ул. Александра Товпеко, Новой ул., Волховстроевской ул., Фанерной ул., в пос.",Колпинский,1167,30.10.2012,16.5,5051
4. Постановление Правительства СПб. об утверждении,"ограниченная Матросской ул., проектным продолжением Приозерной ул., перспективным проездом, проектным ",Курортный,644,24.05.2011,42.5,5053
4. Постановление Правительства СПб. об утверждении,"ограниченная Богатырским пр., Байконурской ул.,  перспективным пролжением Аэродромной ул. и  проектной",Приморский,300,23.03.2010,10.6,5057
4. Постановление Правительства СПб. об утверждении,"ограниченная Пляжевой ул., 2-ой Пляжевой ул., 4-ой Пляжевой ул., береговой линией Финского залива",Курортный,1208,07.09.2010,8.3,5058
4. Постановление Правительства СПб. об утверждении,"ограниченная Камышовой ул., Туристской ул., Богатырским пр., Шуваловским пр.",Приморский,1688,13.12.2011,20.7,5095
4. Постановление Правительства СПб. об утверждении,"ограниченная ул. Есенина, Придорожной аллеей, пр. Художников, Сиреневым бульваром",Выборгский,884,21.11.2013,25,5097
4. Постановление Правительства СПб. об утверждении,"территория, ограниченная Тульской ул., ул. Красного Текстильщика, проектным проездом от ул. Красного Т",Центральный,731,17.06.2008,7.8,5108
4. Постановление Правительства СПб. об утверждении,"квартала 37 нежилой зоны района ""Большая Охта"", ограниченная Якорной ул., пр. Энергетиков, Магнитогорс",Красногвардейский,1655,22.12.2008,31.9,5113
4. Постановление Правительства СПб. об утверждении,"ограниченная ул. Федосеенко, пр. Металлистов, Замшиной ул., ул. Васенко",Калининский,1418,19.10.2010,6,5124
4. Постановление Правительства СПб. об утверждении,"ограниченная Нижне-Камской ул., продолжением Глухарской ул., границей базисного квартала 4286А",Приморский,1755,21.12.2010,7,5125
4. Постановление Правительства СПб. об утверждении,"кв. 29 района Шувалово-Озерки, ограниченный ул. пр. Энгельса, пр. Луначарского, ул. Есенина и ул. Сике",Выборгский,435,16.04.2008,37.4,5132
4. Постановление Правительства СПб. о внес. изменений,"квартал 41 СМР,ограниченный пр. Просвещения, ул. Ольги Форш, Учительской ул., ул. Демьяна Бедного",Калининский,668,26.06.2012,22.9,5133
4. Постановление Правительства СПб. об утверждении,"квартал, ограниченный пр. Просвещения, ул. Ольги Форш, Учительской ул., ул. Демьяна Бедного",Калининский,895,22.07.2008,22.9,5136
4. Постановление Правительства СПб. об утверждении,"ограниченная ул. Ломоносова, Саперной ул.,Павловским шоссе,Кедринской ул.",Пушкинский,855,15.08.2012,28.9,5141
4. Постановление Правительства СПб. об утверждении," ограниченная Крестовским пр., Рюхиной ул., Морским пр., Спортивной ул.",Петроградский,1244,27.11.2012,11.2,5144
4. Постановление Правительства СПб. об утверждении,"ограниченная Литовской ул., Менделеевской ул., Чугунной ул.",Калининский,867,29.06.2010,43.6,5145
4. Постановление Правительства СПб. об утверждении,"ограниченная ул. Хошимина, ул. Композиторов, пр. Луначарского, Выборгским шоссе",Выборгский, 1499/1,02.11.2010,18.6,5148
4. Постановление Правительства СПб. об утверждении,"ограниченная ул. Партизана Германа, Петергофским шоссе, границей территории объекта культурного наслед",Красносельский,609,17.05.2011,15.3,5150
4. Постановление Правительства СПб. об утверждении,"ограниченная Заводским пр., западной границей земельного участка по адресу: Заводской пр., д. 17, лите",Колпинский,692,10.09.2013,2,5167
4. Постановление Правительства СПб. об утверждении,"ограниченная административной границей Санкт-Петербурга, границей муниципального образования пос. Кома",Курортный,293,14.03.2011,262.2,5188
4. Постановление Правительства СПб. об утверждении,"ограниченная Удельным пр., Кубанской ул., Костромским пр.",Выборгский,65,07.02.2014,1.5,5190
4. Постановление Правительства СПб. об утверждении,"ограниченная проектируемой улицей № 1, проектируемой улицей № 2, проектируемым проездом № 1, Приморски",Приморский,1197,12.11.2012,30.5,5215
4. Постановление Правительства СПб. об утверждении,"квартал 2 западной части В.О., ограниченного ул. Кораблестроителей, ул. Наличной и Новосмоленской наб.",Василеостровский,1076,28.08.2007,63,5218
4. Постановление Правительства СПб. об утверждении,"ограниченная Богатырским пр., проектной магистралью № 22 и территорией Серафимовского кладбища",Приморский,1106,26.08.2008,9,5222
4. Постановление Правительства СПб. об утверждении,квартал 17-В района Ладожского вокзала,Красногвардейский,996,14.08.2007,1.2,5232
4. Постановление Правительства СПб. об утверждении,"ограниченная ул. Композиторов, Суздальским пр., ул. Симонова, ул. Прокофьева",Выборгский,72,07.02.2014,9.6,5246
4. Постановление Правительства СПб. об утверждении,"ограниченная Крестовским пр., Спортивной ул., пр. Динамо, Петроградской ул.",Петроградский,43,18.01.2011,2.9,5251
4. Постановление Правительства СПб. об утверждении,"ограниченная Приморским шоссе, ручьем, береговой линией Финского залива, условной линией в створе Круг",Курортный,135,01.02.2011,12.6,5262
4. Постановление Правительства СПб. об утверждении,"кв. 59Б СПЧ, огр. Лыжным пер, Мебельной ул. и Шуваловским пр.",Приморский,1339,06.09.2005,28.7,5263
4. Постановление Правительства СПб. о внес. изменений,"территория квартала 59Б Северо-Приморской части, ограниченной Лыжным пер., Мебельной ул., Шуваловским ",Приморский,849,15.08.2012,28.7,5264
4. Постановление Правительства СПб. об утверждении,"ограниченная ул. Веры Слуцкой, Пролетарской ул., ул. Вавилова, Раумской ул.",Колпинский,1609,22.11.2011,11,5275
4. Постановление Правительства СПб. об утверждении,"ограниченная ул. Турку, Будапештской ул., пр. Славы, Белградской ул.",Фрунзенский,690,10.09.2013,98,5295
4. Постановление Правительства СПб. об утверждении," ограниченная ул. Урицкого, Октябрьской ул., ул. Правды",Колпинский,837,29.10.2013,10.5,5299
4. Постановление Правительства СПб. об утверждении,"ограниченная Железнодорожным пр., Белевским пр., Варфоломеевской ул. и перспективной магистралью",Невский,1241,27.11.2012,5.8,5309
4. Постановление Правительства СПб. об утверждении,"ограниченная ул. Воскова, ул. Мосина, наб. Строителей, полосой отвода железной дороги",Курортный,41,28.01.2014,11.7,5313
4. Постановление Правительства СПб. об утверждении,"Территория квартала 1-5 Сосновой Поляны, ограниченной ул. Чекистов, ул. Пограничника Гарькавого, пр. В",Красносельский,742,23.07.2012,40,5331
4. Постановление Правительства СПб. об утверждении,"Территория квартала 1-5 Сосновой Поляны, ограниченной ул. Чекистов, ул. Пограничника Гарькавого, пр. В",Красносельский,743,23.07.2012,40,5332
4. Постановление Правительства СПб. об утверждении,"территория района Нарвской заставы, ограниченной Промышленной ул., пр.Стачек, Новоовсянниковской ул., ",Кировский,744,23.07.2012,105.2,5333
4. Постановление Правительства СПб. об утверждении,"территория района Нарвской заставы, ограниченной Промышленной ул., пр.Стачек, Новоовсянниковской ул., ",Кировский,745,23.07.2012,105.2,5338
4. Постановление Правительства СПб. об утверждении,"Территория, ограниченная береговой линией р. Невы, береговой линией р. Славянки, проектируемой магистр",Невский,1018,13.07.2011,67.1,5340
4. Постановление Правительства СПб. об утверждении,"Территория, ограниченная береговой линией р. Невы, береговой линией р. Славянки, проектируемой магистр",Невский,1019,13.07.2011,67.1,5341
4. Постановление Правительства СПб. об утверждении,"Территория квартала 1-1А Гражданского пр., ограниченная красными линиями пр. Непокоренных, Кушелевской",Калининский,989,13.07.2011,7.6,5344
4. Постановление Правительства СПб. об утверждении,"Территория квартала 1-1А Гражданского пр., ограниченная красными линиями пр. Непокоренных, Кушелевской",Калининский,988,13.07.2011,7.6,5345
4. Постановление Правительства СПб. об утверждении,"ограниченная ул.Джона Рида, пр.Пятилеток, Клочковым пер., ул.Коллонтай, ул.Бадаева",Невский,851,15.08.2012,30.7,5380
4. Постановление Правительства СПб. об утверждении,"ограниченная пр. Косыгина, Белорусской ул., Ленской ул., пр. Наставников",Красногвардейский,669,26.06.2012,40.2,5408
4. Постановление Правительства СПб. об утверждении,"ограниченная Б.Сампсониевским пр., Земледельческой ул., полосой отвода железной дороги",Выборгский,105,18.02.2014,1.7,5420
4. Постановление Правительства СПб. об утверждении,"ограниченная Железноводской ул., Наличной ул., пер. Каховского, пл. Балтийских Юнг",Василеостровский,854,15.08.2012,10.3,5430
4. Постановление Правительства СПб. об утверждении,"ограниченная пр.Ленина, полосой отвода железной дороги, границей муниципального образования г.Зеленого",Курортный,1165,30.10.2012,880.6,5438
4. Постановление Правительства СПб. об утверждении,"ограниченная ул. Мосина, береговой линией озера Сестрорецкий Разлив, Приморским шоссе",Курортный,1245,27.11.2012,2.7,5441
4. Постановление Правительства СПб. о внес. изменений,"территория, ограниченная проектной береговой линией  Финского залива, береговой линией Дудергофского к",Красносельский,291,13.04.2012,198.9,5463
4. Постановление Правительства СПб. об утверждении,ЮЗПЧ (западнее Дудергофского канала),Красносельский,558,26.04.2005,200.6,5464
4. Постановление Правительства СПб. о внес. изменений,"Территория ЮЗПЧ, западнее Дудергофского канала",Красносельский,129,03.02.2009,171.4,5465
4. Постановление Правительства СПб. об утверждении,"Территория ЮЗПЧ, западнее Дудергофского канала",Красносельский,130,03.02.2009,171.4,5466
4. Постановление Правительства СПб. об утверждении,"ограниченная Петрозаводским шоссе, Центральной ул., Пионерской ул., Садовой ул., в пос. Металлострой",Колпинский,175,22.03.2013,25,5486
4. Постановление Правительства СПб. об утверждении,"квартал 7 района восточнее пр. Ю. Гагарина (ВЮГ), ограниченного ул. Типанова, пр. Космонавтов, ул. Орд",Московский,1236,30.09.2008,97.1,5506
4. Постановление Правительства СПб. об утверждении,"ограниченная береговой линией р. Невы, береговой линией р. Утки, проектируемым проездом",Невский,858,15.08.2012,13,5514
4. Постановление Правительства СПб. об утверждении,"кв. 8 района Рыбацкое, ограниченный Прибрежной ул., Рыбацким пр., наб. р. Славянки и Шлиссельбургским ",Невский,166,12.02.2008,23,5604
4. Постановление Правительства СПб. о внес. изменений,"квартал 8 района Рыбацкое, ограниченный Прибрежной ул., Рыбацким пр., наб. р. Славянки и Шлиссельбургс",Невский,691,10.09.2013,23,5605
4. Постановление Правительства СПб. о внес. изменений,"ограниченная восточной красной линией ул. Руставели, южной красной линией продолжения Токсовской ул., ",Калининский,856,15.08.2012,58.1,5644
4. Постановление Правительства СПб. об утверждении,"ограниченная ул. Руставели, Токсовской ул., Муринским ручьем, ж/д Приозерского направления",Калининский,801,27.06.2006,77.6,5647
4. Постановление Правительства СПб. об утверждении,"ограниченная Богатырским пр., Гаккелевской ул., продолжением Гаккелевской ул., Ситцевой ул., Стародере",Приморский,43,28.01.2014,26.2,5650
4. Постановление Правительства СПб. об утверждении,"ограниченная береговой линией р. Каменки, границей кадастрового квартала 4281, Плесецкой ул., перспект",Приморский,836,29.10.2013,102.7,5653
4. Постановление Правительства СПб. об утверждении,"ограниченная Караваевской ул., Прибрежной ул., Шлиссельбургским пр., пер. Слепушкина",Невский,850,15.08.2012,28.6,5660
4. Постановление Правительства СПб. об утверждении,"ограниченная ул. Замшина, пр. Маршала Блюхера, Пискаревским пр., Бестужевской ул.",Калининский,80,13.02.2014,54.9,5661
4. Постановление Правительства СПб. об утверждении,"Территория, ограниченная Большим пр. В.О., Детской ул., Среднегаванским пр., 28-й линией, проездом от ",Василеостровский,511,27.04.2010,7.5,5680
4. Постановление Правительства СПб. об утверждении,"ограниченная Октябрьской наб., проектируемым проекздом, проездом № 1, административной границей Санкт-",Невский,1196,12.11.2012,47,5726
4. Постановление Правительства СПб. об утверждении,"Территория военного городка №1, ограниченного Приозерским шоссе, Юкковским шоссе, административной гра",Выборгский,1527,22.12.2009,54.9,5742
4. Постановление Правительства СПб. об утверждении,"Территория, ограниченная продолжением Каугиевской ул., перспективной магистралью № 2, Левашовским шосс",Курортный,862,29.06.2010,16.2,5747
4. Постановление Правительства СПб. об утверждении,"ограниченная Варшавской ул., полосой отвода железной дороги, Московский пр., межквартальным проездом",Московский,853,15.08.2012,22.7,5752
4. Постановление Правительства СПб. об утверждении,"ограниченная Приморским пр.,3-м Елагиным мостом, береговой линией р. Б. Невки, створом Стародеревенско",Приморский,134,11.03.2014,7,5773
4. Постановление Правительства СПб. о внес. изменений,"ограниченная ул.Коллонтай, Дальневосточным пр., ул.Еремеева, Союзным пр., в Невском районе",Невский,886,21.11.2013,45.4,5779
4. Постановление Правительства СПб. об утверждении,"ограничеенная ул. Коллонтай, Дальневсточным пр., ул. Еремеева, проектным продолжением Союзного пр.",Невский,140,09.02.2010,47.4,5781
4. Постановление Правительства СПб. об утверждении,"территория, ограниченная ул. Бухарестской, ул. Салова, Софийской ул., ул. Фучика во Фрунзенском районе",Фрунзенский,127,03.02.2009,65.8,5785
4. Постановление Правительства СПб. об утверждении,"территория, ограниченная Московским шоссе, р. Попова Ижорка, границей между Пушкинским и Колпинским ра",Пушкинский,1603,16.12.2008,310.4,5792
4. Постановление Правительства СПб. о внес. изменений,"территория, ограниченная Мурзинской ул., пр. Обуховской Обороны, перспективной магистралью от Мурзинск",Невский,1242,27.11.2012,15.1,5829
4. Постановление Правительства СПб. об утверждении,"территории, ограниченной Мурзинской ул., пр. Обуховской Обороны, перспективной магистралью от Мурзинск",Невский,1293,11.11.2009,15.3,5831
4. Постановление Правительства СПб. об утверждении,"ограниченная ул. Седова, Фаянсовой ул.,  ул. 2-й Луч, ул. Книпович",Невский,527,23.07.2013,33.5,5835
4. Постановление Правительства СПб. об утверждении,"кв. 9В район БКА , ограниченный ул. Королева, Коломяжским пр., аллеей Котельникова и Серебристым бульв",Приморский,780,26.06.2006,16.5,5844
4. Постановление Правительства СПб. об утверждении,"кв. 5 Б района БКА, ограниченная пр. Испытателей, Коломяжским пр., Богатырским пр. и Серебристым бульв",Приморский,249,04.03.2008,42.6,5861
4. Постановление Правительства СПб. об утверждении,"территория, ограниченная проектируемым проездом, Полевой Сабировской ул., Рубежной ул., проектируемым ",Приморский,104,18.02.2014,13.4,5870
4. Постановление Правительства СПб. о внес. изменений,"кв. 10А  нежилой зоны ""Парнас"", ограниченный  транспортной развязкой на пересечении автодорожного обхо",Выборгский,1166,30.10.2012,13.4,5873
4. Постановление Правительства СПб. об утверждении,"кв. 10А, н/з ""Парнас"", огр. транспортной развязкой КАД и Приозерским шоссе, 9-м Верхним пер. и пр. Энг",Выборгский,331,28.03.2007,15.1,5874
4. Постановление Правительства СПб. об утверждении,"ограниченная пр. Испытателей, Светлановской пл., пр. Энгельса, Ланским шоссе, железнодорожной веткой В",Выборгский,606,17.05.2011,17.1,5907
4. Постановление Правительства СПб. об утверждении,"ограниченная Октябрьской наб., ул. Крыленко, Дальневосточным пр., ул. Тельмана",Невский,516,27.04.2010,46.2,5920
4. Постановление Правительства СПб. об утверждении,"г. Пушкин, террритория, ограниченная ул. Малой, Леонтьевской, Московской ул. и Оранжерейной ул.",Пушкинский,122,06.02.2007,4.5,5955
4. Постановление Правительства СПб. об утверждении,"территории, ограниченной Левашовским пр., Большой Зелениной ул., Барочной ул. и Песочной наб.",Петроградский,1005,14.08.2007,4.5,5975
4. Постановление Правительства СПб. об утверждении,"ограниченная Ботанической ул., Ульяновской ул., Астрономической ул., Гостилицким ш., проектируемым про",Петродворцовый,531,23.07.2013,42.7,6025
4. Постановление Правительства СПб. об утверждении,"кв. 52 СПЧ, ограниченный Камышовой ул., Яхтенной ул., Богатырскимпр. и Туристской ул.",Приморский,215,26.02.2008,27.4,6035
4. Постановление Правительства СПб. об утверждении,"квартал, ограниченный Приморским шоссе, Яхтенной ул., Школьной ул. и Туристской ул.",Приморский,703,19.06.2007,13.4,6056
4. Постановление Правительства СПб. об утверждении,"Территория квартала 46А района Севернее Муринского ручья (СМР), ограниченная ул. Брянцева, Тимуровской",Калининский,512,27.04.2010,17.8,6080
4. Постановление Правительства СПб. об утверждении,"квартала 41 района Южнее реки Волковки (ЮРВ), ограниченная ул. Ярослава Гашека, Бухарестской ул., ул. ",Фрунзенский,1263,17.08.2011,22.6,6082
4. Постановление Правительства СПб. об утверждении,"ограниченная ул. Сикейроса, ул. Есенина, Северным пр., пр. Энгельса",Выборгский,612,17.05.2011,23.2,6127
4. Постановление Правительства СПб. об утверждении,"ограниченная Рыбацким пр., проектируемым. проездом, береговой линией р. Невы и проектируемым проездом",Невский,301,23.03.2010,4.4,6153
4. Постановление Правительства СПб. об утверждении,"ограниченная Тбилисской ул., Солунской ул., проектируемой улицей, Коломяжским пр., проектируемым проез",Приморский,1285,23.09.2010,20.9,6155
4. Постановление Правительства СПб. об утверждении,"ограниченная Звенигородской ул., ул. Марата, Социалистической ул.. Боровой ул., ул. Константина Заслон",Центральный,1753,21.12.2010,10.1,6206
4. Постановление Правительства СПб. об утверждении,"Территория, ограниченная Кленовой ул., Замковой ул., наб.р. Фонтанки, пл. Белинского",Центральный,1525,22.12.2009,2.6,6213
4. Постановление Правительства СПб. об утверждении,"Территория, ограниченная Мебельной ул., проектируемым проездом, проектируемым продолжением Стародереве",Приморский,1294,11.11.2009,18.1,6247
4. Постановление Правительства СПб. об утверждении,"ограниченная ул. Академика Байкова, Светлановским пр., Северным пр. и Тихорецким пр.",Калининский,1284,23.09.2010,34.3,6325
4. Постановление Правительства СПб. об утверждении,"ограниченная Ириновским пр., ул. Коммуны, пр. Ударников, ул. Лазо",Красногвардейский,1664,07.12.2010,22.5,6329
4. Постановление Правительства СПб. об утверждении,"кв. 35 района пр. М.Тореза, ограниченный Светлановским пр., пр. М.Тореза, Институтским пр., 2-м Муринс",Выборгский,1602,16.12.2008,81.3,6333
4. Постановление Правительства СПб. о внес. изменений,"квартал 17Г района ""Ладожский вокзал и промзона Большой и Малой Охты"", ограниченный Уткиным пер., перс",Красногвардейский,24,24.01.2014,2.8,6352
4. Постановление Правительства СПб. об утверждении,"Квартал 17Г района ""Ладожский вокзал и промзона Большой и Малой Охты"", ограниченный Уткиным пр., персп",Красногвардейский,764,29.06.2009,2.8,6354
4. Постановление Правительства СПб. о внес. изменений,"квартал, ограниченный ул. Подвойского, Искровским пр., ул. Антонова-Овсеенко, Дальневосточным пр.",Невский,106,18.02.2014,20.2,6357
4. Постановление Правительства СПб. об утверждении,"Территория, ограниченная ул. Подвойского, Искровским пр., ул. Антонова-Овсеенко, Дальневосточным пр.",Невский,620,17.05.2010,20.2,6358
4. Постановление Правительства СПб. об утверждении,"ограниченная пр. Просвещения, ул. Ивана Фомина, Поэтическим бульваром, ул. Есенина",Выборгский,1008,27.07.2010,21.4,6363
4. Постановление Правительства СПб. об утверждении,"ограниченная ул.Шкапина, Библиотечным пер., включая пл.Балтийского вокзала, наб.Обводного кан., Митроф",Адмиралтейский,976,25.08.2009,32.4,6399
4. Постановление Правительства СПб. об утверждении,"ограниченная Лабораторной ул., пр. Маршала Блюхера, Кондратьевским пр., пр. Металлистов",Калининский,1267,17.08.2011,20.5,6406
4. Постановление Правительства СПб. об утверждении,"ограниченная наб. Обводного канала, Боровой ул., перспективной пробивкой Подъездного пер.",Фрунзенский,1078,10.08.2010,11.6,6420
4. Постановление Правительства СПб. об утверждении,"Территория, ограниченная ул. Дыбенко, административной границей Ленинградской области, ул. Крыленко, п",Невский,139,09.02.2010,65.4,6443
4. Постановление Правительства СПб. об утверждении,"Территория, ограниченная ул. Ольги Берггольц. ул. Бабушкина, ул. Ткачей, ул. Пинегина",Невский,1523,22.12.2009,9.3,6454
4. Постановление Правительства СПб. об утверждении,"Территория, ограниченная Кантемировской ул., Лесным пр., ул. Александра Матросова, Выбогским направлен",Выборгский,141,09.02.2010,7,6456
4. Постановление Правительства СПб. об утверждении,"кв. 7В района БКА, ограниченного Серебристым бульваром, аллеей Поликарпова, Коломяжским пр. и пр. Испы",Приморский,216,26.02.2008,32.5,6491
4. Постановление Правительства СПб. об утверждении,"ограниченная Кушелевской дорогой, пр. Непокоренных, продолжением ул. Бутлерова, полосой отвода железно",Калининский,1316,11.12.2012,23.2,6506
4. Постановление Правительства СПб. об утверждении,"ограниченная Херсонской ул., ул. Александра Невского, Невским пр., Исполкомской ул.",Центральный,1667,07.12.2010,7.3,6512
4. Постановление Правительства СПб. об утверждении,"кв.21А, ограниченный пр. Маршала Блюхера, перспективным продолжением Арсенальной улицы",Калининский,124,06.02.2007,3,6513
4. Постановление Правительства СПб. об утверждении,"территория производственной зоны ""Шушары-2"", ограниченная Южным ж/д полукольцом, продолжением Софийско",Пушкинский,704,19.06.2007,1232,6514
4. Постановление Правительства СПб. об утверждении,"территория, ограниченная 2-ой Боровой ул., проектируемыми проездами № 2 и № 3  в пос. Солнечное",Курортный,652,05.06.2007,37.1,6515
4. Постановление Правительства СПб. об утверждении,"территория производственной зоны ""Красносельская"", ограниченной Геологической ул., Гаражной ул., ул. Г",Красносельский,1474,13.11.2007,395.6,6516
4. Постановление Правительства СПб. об утверждении,"западной части Крестовского острова, ограниченная р. М. Невка, р. Ср. Невка, границей Приморского парк",Петроградский,250,04.03.2008,105.9,6517
4. Постановление Правительства СПб. о внес. изменений,"территория, ограниченная Московским пр., наб. Обводного кан., полосой отвода Балт. линии ОЖД  и Благод",Адмиралтейский,1265,17.08.2011,444.8,6519
4. Постановление Правительства СПб. о внес. изменений,"территория, ограниченная Московским пр., наб. Обводного кан., полосой отвода Балт. линии ОЖД  и Благод",Адмиралтейский,1054,09.08.2010,444.8,6522
4. Постановление Правительства СПб. об утверждении,"территория, ограниченная Московским пр., наб. Обводного кан., полосой отвода Балт. линии ОЖД  и Благод",Московский,864,17.07.2007,444.8,6524
4. Постановление Правительства СПб. об утверждении,"терр. огр. Северным пр., ул. Есенина, ул. Жака Дюкло и парком ""Сосновка""",Выборгский,1123,05.09.2006,30.9,6525
4. Постановление Правительства СПб. об утверждении,"кв.4019, пересечение Ушаковской наб. и наб. Черной речки",Приморский,2052,28.12.2005,21.6,6526
4. Постановление Правительства СПб. об утверждении,кв. 59А СПЧ,Приморский,1338,06.09.2005,23.1,6527
4. Постановление Правительства СПб. о внес. изменений,"территория, ограниченная ул. Шкапина, ул. Розенштейна, наб. Обводного канала и ж/д веткой",Адмиралтейский,611,17.05.2011,14.2,6528
4. Постановление Правительства СПб. об утверждении,"территория, ограниченная ул. Шкапина, ул. Розенштейна, наб. Обводного канала и ж/д веткой",Адмиралтейский,153,13.02.2007,14.2,6529
4. Постановление Правительства СПб. об утверждении,кв.15 ЮЗПЧ,Красносельский,1766,21.11.2005,25,6530
4. Постановление Правительства СПб. об утверждении,район «Славянка»,Пушкинский,1091,26.07.2005,287.7,6531
4. Постановление Правительства СПб. об утверждении,"г. Пушкин, территория, ограниченная улицами Парковая, Гусарская, Саперная и Красносельским ш.",Пушкинский,597,16.05.2006,77.6,6533
4. Постановление Правительства СПб. об утверждении,кв.19А СУН,Невский,292,20.03.2007,25.1,6534
4. Постановление Правительства СПб. об утверждении,квартал 21-б района между Лесным пр. и Кондратьевским пр.,Калининский,361,03.04.2007,1.9,6535
4. Постановление Правительства СПб. об утверждении,"территория н/з ""Металлострой"", ограниченная Проездами № 3, 6, 7 и дорогой в Металлострой (кв.5)",Колпинский,1323,25.10.2006,49,6536
4. Постановление Правительства СПб. об утверждении,"территория в западной части Пушкина, ограниченная Петербургским шоссе, Варшавским направлением Окт. ж.",Пушкинский,711,07.06.2006,203.6,6537
4. Постановление Правительства СПб. об утверждении,"кв. 28 ЮРВ, огр. Пловдиевской ул, Загребским бульваром, Малой Каштановой ул. и Будапештской ул.",Фрунзенский,236,06.03.2007,10.4,6538
4. Постановление Правительства СПб. об утверждении,квартал 58 СПЧ,Приморский,621,29.05.2007,37.4,6539
4. Постановление Правительства СПб. об утверждении,"территория, ограниченная р. Пулковкой, проектируемыми улицами № 1 и № 2 и проектным положением Ленингр",Пушкинский,650,05.06.2007,112.5,6540
4. Постановление Правительства СПб. об утверждении,"квартала 13-В района Коломяги, ограниченного Афонской ул., Главной ул., Мгинским пер. и 2-ой Утиной ул",Приморский,997,14.08.2007,3.7,6541
4. Постановление Правительства СПб. об утверждении,"квартал 3 нежилой зоны ""Парнас"", ограниченный Домостроительной ул.,  5-м Верхним, 2-м Верхним пер. и В",Выборгский,1581,04.12.2007,72.7,6543
4. Постановление Правительства СПб. об утверждении,"территория предприятия ""Бугры"" (участки 2, 5, 6, 14, 15, 16)",Калининский,237,06.03.2007,67.9,6544
4. Постановление Правительства СПб. об утверждении,кв. 56АБ СПЧ,Приморский,838,21.06.2005,40.5,6545
4. Постановление Правительства СПб. об утверждении,"Красноборская сторона с границами проектирования: Кубинская ул., Дунайский пр., 5-ый Предпрортовый про",Московский,244,07.03.2006,81.4,6546
4. Постановление Правительства СПб. об утверждении,"Стрельна,территория ""Нойдорф"", ограниченная границей с/х земель птицефабрики ""Ломоносовская"", границей",Петродворцовый,63,23.01.2007,86.1,6547
4. Постановление Правительства СПб. об утверждении,"квартал 9 Б БКА, ограниченный Парашютной ул., Коломяжским пр., аллеей Котельникова и площадью Мациевич",Приморский,1609,11.12.2007,12.7,6548
4. Постановление Правительства СПб. об утверждении,"ограниченная Песочной ул., границей садоводства, Ленинградской ул. и проектируемой магистралью",Пушкинский,1160,09.09.2008,0.8,6549
4. Постановление Правительства СПб. об утверждении,"ограниченная Серпуховской ул., Малодетскосельским пр., Подольской ул. и наб. Обводного канала",Адмиралтейский,1159,09.09.2008,1.6,6550
4. Постановление Правительства СПб. об утверждении,"ограниченная ул. Тельмана, проездом от ул. Тельмана до пр.Большевиков, пер. Челиева",Невский,1235,30.09.2008,23.2,6551
4. Постановление Правительства СПб. об утверждении,"территория, ограниченная пр. Обуховской Обороны, базовой осью № 706 (дополнительной), проектируемой ма",Невский,1373,28.10.2008,11.7,6552
4. Постановление Правительства СПб. об утверждении,"Территория зоны портового комплекса в районе Бронки, ограниченная административной границей Санкт-Пете",Петродворцовый,1605,16.12.2008,205.1,6553
4. Постановление Правительства СПб. об утверждении,"Территория, ограниченная Пулковским шоссе, Дунайским пр., Московским шоссе и Южным полукольцом Октябрь",Московский,556,12.05.2009,287.9,6554
4. Постановление Правительства СПб. о внес. изменений,"территории производственной зоны ""Шушары-2"", ограниченная Южным железнодорожным полукольцом, продолжен",Пушкинский,482,28.04.2009,1225.9,6555
4. Постановление Правительства СПб. об утверждении,"Территория, ограниченная Полевой ул. (и ее продолжением), Садовой ул., полосой отвода железной дороги,",Пушкинский,975,25.08.2009,159.6,6557
4. Постановление Правительства СПб. об утверждении,"ограниченная Московским шоссе, границей отвода выскокскоростной магистрали, Колпинским шоссе, границей",Пушкинский,1078,22.09.2009,223.9,6559
4. Постановление Правительства СПб. об утверждении,"ограниченная ул. Лабутина, Климовым пер., наб. р. Фонтанки, Прядильным пер.",Адмиралтейский,1520,22.12.2009,1.8,6560
4. Постановление Правительства СПб. об утверждении,"Территория производственной зоны ""Северо-Западная""",Приморский,137,09.02.2010,137.9,6562
4. Постановление Правительства СПб. об утверждении,"Территория квартала 17-17А Гражданского пр., ограниченная Северным пр., ул.Карпинского, пр. Науки, ул.",Калининский,1003,13.07.2011,100.5,6563
4. Постановление Правительства СПб. об утверждении,"Территория квартала 17-17А Гражданского пр., ограниченная Северным пр., ул.Карпинского, пр. Науки, ул.",Калининский,1002,13.07.2011,100.5,6565
4. Постановление Правительства СПб. об утверждении,"Территория квартала 9 Западнее Варшавской ЖД, ограниченного Краснопутиловской ул., пл. Конституции, Ле",Московский,999,13.07.2011,19.7,6572
4. Постановление Правительства СПб. об утверждении,"Территория квартала 9 Западнее Варшавской ЖД, ограниченного Краснопутиловской ул., пл. Конституции, Ле",Московский,998,13.07.2011,19.7,6573
4. Постановление Правительства СПб. об утверждении,"Территория квартала 6 района Ульянка, ограниченного пр. Ветеранов, Дачным пр., пр. Народного Ополчения",Кировский,992,13.07.2011,56.9,6575
4. Постановление Правительства СПб. об утверждении,"Территория квартала 6 района Ульянка, ограниченного пр. Ветеранов, Дачным пр., пр. Народного Ополчения",Кировский,993,13.07.2011,56.9,6576
4. Постановление Правительства СПб. об утверждении,"Территория квартала 7-17 Сосновой Поляны, ограниченного пр. Ветеранов, ул. Пограничника Гарькавого, пр",Красносельский,997,13.07.2011,37.2,6578
4. Постановление Правительства СПб. об утверждении,"Территория квартала 7-17 Сосновой Поляны, ограниченного пр. Ветеранов, ул. Пограничника Гарькавого, пр",Красносельский,996,13.07.2011,37.2,6580
4. Постановление Правительства СПб. об утверждении,"Территория квартала 43 Полюстрово, ограниченного пр. Мечникова, Замшиной ул., Бестужевской ул., Кондра",Калининский,1021,13.07.2011,17.8,6582
4. Постановление Правительства СПб. об утверждении,"Территория квартала 43 Полюстрово, ограниченная пр. Мечникова, Замшиной ул., Бестужевской ул., Кондрат",Калининский,1020,13.07.2011,17.8,6585
4. Постановление Правительства СПб. об утверждении,"Территория квартала 10 г. Колпино, ограниченного пр. Ленина. ул.Губина, Павловской ул., ул.Танкистов",Колпинский,1007,13.07.2011,10.7,6588
4. Постановление Правительства СПб. об утверждении,"Территория квартала 10 г. Колпино, ограниченного пр. Ленина. ул.Губина, Павловской ул., ул.Танкистов",Колпинский,1006,13.07.2011,10.7,6589
4. Постановление Правительства СПб. об утверждении,"территория, ограниченная Фурштатской ул., пр. Чернышевского, Кирочной ул., Мелитопольским пер.",Центральный,1206,07.09.2010,1.7,6591
4. Постановление Правительства СПб. о внес. изменений,"Территория, ограниченная Парковой ул., Гусарской ул., Колокольным пер., Госпитальным пер.",Пушкинский,255,01.03.2011,6,6596
4. Постановление Правительства СПб. об утверждении,"Петровского острова, ограниченная береговой линией р. М.Невка, береговой линией р. ждановки, береговой",Петроградский,1264,17.08.2011,132.5,6605
4. Постановление Правительства СПб. об утверждении,"квартала 8 района Шувалово-Озерки, ограниченная пр. Просвещения, ул. Хошимина, ул. Композиторов",Выборгский,1261,17.08.2011,30.4,6614
4. Постановление Правительства СПб. об утверждении," ограниченная ул. Хошимина, пр. Просвещения, пр. Энгельса, ул. Асафьева, ул. Композиторов",Выборгский,1266,17.08.2011,45.7,6623
4. Постановление Правительства СПб. об утверждении," производственная зона ""Коломяги"", ограниченная Шуваловским пр., проектным продолжением Шуваловского п",Приморский,339,22.03.2011,199.8,6631
4. Постановление Правительства СПб. об утверждении,"Территория прохождения южн. части ЗСД, огран. пр. Маршала Говорова, границей тер зоны ТУ, соед. веткой",Кировский,983,13.07.2011,173.6,6659
4. Постановление Правительства СПб. об утверждении,"Территория, ограниченная Пионерской ул., наб. Адмирала Лазарева, Малой Зелениной ул., межквартальным п",Петроградский,373,15.04.2010,3.5,6661
4. Постановление Правительства СПб. об утверждении,"квартала 23В района озеро Долгое, ограниченная  ул. Шаврова, пр. Королева, перспективным проездом межд",Приморский,1271,17.08.2011,6.9,6664
4. Постановление Правительства СПб. об утверждении,"ограниченная Народной ул., Дальневосточным пр., границей функциональной зоны ""3ЖД""  и  Октябрьской наб",Невский,741,07.06.2011,20.4,6667
4. Постановление Правительства СПб. об утверждении,"ограниченная Ириновским пр., Бокситогорской ул., Объездным шоссе, границей территориальной зоны  ""ТД1-",Красногвардейский,742,07.06.2011,9.8,6671
4. Постановление Правительства СПб. об утверждении,"Территория, ограниченная ул. Шахматова, Чебышевской ул., Ботанической ул., Университетским пр.",Петродворцовый,870,29.06.2010,19.1,6707
4. Постановление Правительства СПб. об утверждении,"Территория, ограниченная ул. Ильюшина, Гаккелевской ул., Камышовой ул., Стародеревенской ул.",Приморский,1003,27.07.2010,13.2,6711
4. Постановление Правительства СПб. об утверждении,"Территория, ограниченная Новолитовской ул., Чугунной ул., Литовской ул. Грибалевой ул.",Выборгский,134,01.02.2011,7.4,6726
4. Постановление Правительства СПб. об утверждении,"ограниченная Московским пр., Мариинской ул. и ул. Решетникова",Московский,191,15.02.2011,3.3,6727
4. Постановление Правительства СПб. об утверждении,"ограниченная Репищевой ул., Эстонской ул., Новосельковской ул., ул. Щербакова",Приморский,190,15.02.2011,5.5,6729
4. Постановление Правительства СПб. об утверждении,"ограниченная Петергфоским шоссе, проектируемым проездом, береговой линией Финского залива, проектным п",Красносельский,254,01.03.2011,92.9,6732
4. Постановление Правительства СПб. об утверждении,"Территория Приморской ЮЗПЧ Санкт-Петербурга, западнее магистрали N 8",Красносельский,12,16.01.2007,156.8,6733
4. Постановление Правительства СПб. об утверждении," ограниченная ул. Коллонтай, Товарищеским пр., ул. Подвойского, пр. Большевиков",Невский,1260,17.08.2011,41.8,6736
4. Постановление Правительства СПб. об утверждении,"ограниченная Песочной наб., ул. Грота, ул. Профессоа Попова, ул. Даля",Петроградский,340,22.03.2011,3.3,6742
4. Постановление Правительства СПб. об утверждении," ограниченная Лагерным шоссе, Южной ул., проектируемыми проездами",Колпинский,1259,17.08.2011,34.2,6748
4. Постановление Правительства СПб. об утверждении,"Территория квартала 5 района Дачное, ограниченная Ленинским пр., пр. Народного Ополчения, Счастливой у",Кировский,990,13.07.2011,45.7,6757
4. Постановление Правительства СПб. об утверждении,"Территория квартала 5 района Дачное, ограниченная Ленинским пр., пр. Народного Ополчения, Счастливой у",Кировский,991,13.07.2011,44.8,6758
4. Постановление Правительства СПб. об утверждении,"Территория, ограниченная границей Курортного района, проектируемым проездом №1, продолжением Школьной ",Курортный,1023,13.07.2011,74.6,6763
4. Постановление Правительства СПб. об утверждении,"Территория, ограниченная границей Курортного района, проектируемым проездом №1, продолжением Школьной ",Курортный,1022,13.07.2011,74.6,6764
4. Постановление Правительства СПб. об утверждении,"Территория кварталов128,128А, 136 района Щемиловки, ограниченная пр. Обуховской Обороны, ул. Бабушкина",Невский,1008,13.07.2011,56.3,6765
4. Постановление Правительства СПб. об утверждении,"Территория кварталов128,128А, 136 района Щемиловки, ограниченная пр. Обуховской Обороны, ул. Бабушкина",Невский,1009,13.07.2011,56.3,6767
4. Постановление Правительства СПб. об утверждении,"Территория кварталов 7,8 и 9 района Автово, ограниченная Автоводской ул., ул. Примакова, ул. Червонног",Кировский,984,13.07.2011,34.3,6768
4. Постановление Правительства СПб. об утверждении,"Территория кварталов 7,8 и 9 района Автово, ограниченная Автоводской ул., ул. Примакова, ул. Червонног",Кировский,985,13.07.2011,33.5,6769
4. Постановление Правительства СПб. об утверждении,"Территория квартала восточнее Загородной ул., ограниченная Загородной ул., проектируемыми магистралями",Колпинский,986,13.07.2011,75.5,6772
4. Постановление Правительства СПб. об утверждении,"Территория квартала восточнее Загородной ул., ограниченная Загородной ул., проектируемыми магистралями",Колпинский,987,13.07.2011,74.4,6773
4. Постановление Правительства СПб. об утверждении,"Территория, ограниченная Лиговским пр., Расстанной ул., Прилукской ул., Тамбовской ул.",Фрунзенский,1013,13.07.2011,7,6775
4. Постановление Правительства СПб. об утверждении,"Территория, ограниченная Лиговским пр., Расстанной ул., Прилукской ул., Тамбовской ул.",Фрунзенский,1012,13.07.2011,7,6776
4. Постановление Правительства СПб. об утверждении,"Территория квартала 55 Тихорецкого пр., ограниченная Тихорецким пр., пр. Науки, ул. Обручевых, ул. Гид",Калининский,1015,13.07.2011,46.2,6777
4. Постановление Правительства СПб. об утверждении,"Территория квартала 55 Тихорецкого пр., ограниченная Тихорецким пр., пр. Науки, ул. Обручевых, ул. Гид",Калининский,1014,13.07.2011,46.2,6779
4. Постановление Правительства СПб. об утверждении,"Территория квартала 18 Восточнее Витебский ЖД, ограниченная ул. Белы Куна, Софийской ул., ул. Турку, П",Фрунзенский,1005,13.07.2011,79.9,6781
4. Постановление Правительства СПб. об утверждении,"Территория квартала 18 Восточнее Витебской ЖД, ограниченная ул. Белы Куна, Софийской ул., ул. Турку, П",Фрунзенский,1004,13.07.2011,79.9,6782
4. Постановление Правительства СПб. об утверждении,"Территория, ограниченная Рябовским шоссе, полосой отвода Октябрьской ЖД, перспективным проездом, Камыш",Красногвардейский,1011,13.07.2011,26.9,6783
4. Постановление Правительства СПб. об утверждении,"Территория, ограниченная Рябовским шоссе, полосой отвода Октябрьской ЖД, перспективным проездом, Камыш",Красногвардейский,1010,13.07.2011,26.9,6784
4. Постановление Правительства СПб. об утверждении,"Территория квартала 13-14-16 Западнее Варшавской ЖД, ограниченная Краснопутиловской ул., Варшавской ул",Московский,1000,13.07.2011,73.6,6786
4. Постановление Правительства СПб. об утверждении,"Территория квартала 13-14-16 Западнее Варшавской ЖД, ограниченная Краснопутиловской ул., Варшавской ул",Московский,1001,13.07.2011,73.6,6787
4. Постановление Правительства СПб. об утверждении,"Территория квартала 7-10 Западнее Варшавской ЖД, ограниченная Бассейной ул., Новоизмайловским пр., пл.",Московский,995,13.07.2011,58.3,6789
4. Постановление Правительства СПб. об утверждении,"Территория квартала 7-10 Западнее Варшавской ЖД, ограниченная Бассейной ул., Новоизмайловским пр., пл.",Московский,994,13.07.2011,58.3,6790
4. Постановление Правительства СПб. об утверждении,"ограниченная ул. Зины Портновой, Ленинским пр., бульваром Новаторов и внутриквартальным проездом",Кировский,1269,17.08.2011,5.3,6796
4. Постановление Правительства СПб. об утверждении,"нежилая зона ""Предпортовая"", огран. проектным положением    7-ого Предпортового проезда и соед. веткой",Московский,608,17.05.2011,12,6798
4. Постановление Правительства СПб. об утверждении,"ограниченная Полтавским проездом, Миргородской ул., Кременчугской ул., Атаманской ул., наб. Обводного ",Центральный,533,29.05.2012,40.5,6802
4. Постановление Правительства СПб. об утверждении,"Территория квартала 16 Малой Охты, ограниченная Уткиным пр., пр. Энергетиков, пл. Карла Фаберже, Занев",Красногвардейский,1016,13.07.2011,9.9,6815
4. Постановление Правительства СПб. об утверждении,"Территория квартала 16 Малой Охты, ограниченная Уткиным пр., пр. Энергетиков, пл. Карла Фаберже, Занев",Красногвардейский,1017,13.07.2011,9.9,6816
4. Постановление Правительства СПб. об утверждении,"ограниченная Нижней дорогой, границей дворцово-паркового ансамбля ""Знаменская дача"" (Знаменка), Санкт-",Петродворцовый,1262,17.08.2011,27.5,6818
4. Постановление Правительства СПб. об утверждении,"ограниченная шоссе Революции, Индустриальным пр., береговой линией р. Охты, створом Уманского пер.",Красногвардейский,39,28.01.2014,16.3,6821
4. Постановление Правительства СПб. об утверждении,"ограниченная пр. Энтузиастов, Индустриальным пр., пр. Косыгина, ул. Передовиков",Красногвардейский,1273,17.08.2011,24.6,6822
4. Постановление Правительства СПб. о внес. изменений," ограниченная проектируемыми проездами, Дунайским пр. и Московским шоссе",Московский,962,11.12.2013,116.1,6823
4. Постановление Правительства СПб. об утверждении,"ограниченная Байконурской ул., Богатырским пр., пр. Сизова, Туполевской ул., в Приморском районе",Приморский,205,25.03.2014,8.49,6940
4. Постановление Правительства СПб. об утверждении,"ограниченная  Елисеевской ул., Малой Десятинной ул., Афанасьевской ул., проектируемой улицей",Приморский,204,25.03.2014,20.65,6942
4. Постановление Правительства СПб. об утверждении,"ограниченная пр.Ленина, ул.Коммуны, ул.Павловской, ул.Карла Маркса в г.Колпино",Колпинский,203,25.03.2014,4.07,6943
4. Постановление Правительства СПб. об утверждении," ограниченная Фаянсовой ул., Хрустальной ул., ул.Книпович, ул.2-й Луч",Невский,202,25.03.2014,3.8,6944
4. Постановление Правительства СПб. о внес. изменений,"ограниченная  ул.Маршала Новикова, проектным продолжением Шуваловского пр., Репищевой ул., Новосельков",Приморский,255,10.04.2014,11.6,10168
4. Постановление Правительства СПб. об утверждении,"Территория, ограниченная Финляндской ул., ул.Коммуны, пр.Ленина, ул.Карла Маркса",Колпинский,320,29.04.2014,4.28,10525
4. Постановление Правительства СПб. об утверждении,"Терр. огр. 2-м Бадаевским проездом, ул Ленина, 3-м Бадаевским проездом, проектируемым проездом,",Пушкинский,321,29.04.2014,19.2,10530
4. Постановление Правительства СПб. об утверждении,"Терр. огр. ул. Олеко Дундича,  Купчинской ул., Малой Балканскойул.,",Фрунзенский,322,29.04.2014,19.8,10533
4. Постановление Правительства СПб. об утверждении,"территория, ограниченная Лагерным шоссе, Понтонной ул., Понтонным проездом, береговой линией р.М.Ижорк",Колпинский,324,29.04.2014,29.4,10540
4. Постановление Правительства СПб. об утверждении,"Терр. огр. Ульяновской ул., ул.Первого Мая, границей базисного квартала 19321Б, полосой отвода ж.д., О",Петродворцовый,323,29.04.2014,165.4,10552
4. Постановление Правительства СПб. об утверждении,"территория, ограниченная Рябовским шоссе, ул. Коммуны, береговой линией р.Лубьи, границей функциональн",Красногвардейский,325,29.04.2014,20.2,10574
4. Постановление Правительства СПб. об утверждении,"Терр. огр. Барклаевской ул., границей базисного квартала 7527 , полосой отвода ж/д , Заставской ул., Ц",Московский,461,04.06.2014,15.5,10708
4. Постановление Правительства СПб. об утверждении,"Терр. огр. ул. Тамбасова, пр. Ветеранов, ул. Пограничника Гарькавого, Новобелицкой ул.,",Красносельский,524,23.06.2014,42.2,10762
4. Постановление Правительства СПб. об утверждении,"Терр. огр. пр. Ленина, ул. Свободы, Кингисеппским шоссе, Гаражной ул., ул. Голубко,",Красносельский,523,23.06.2014,47.8,10764
4. Распоряжение МинТранса об утверждении,территории зон планируемого размещения объектов капитального строительства федерального значения много,Петродворцовый, АД-239-р,20.06.2014,220.5,10798
4. Постановление Правительства СПб. о внес. изменений,"Терр. огр. Благодатной ул, Варшавской ул, ул.№24, перспективной  пробивкой  Измайловского пр.",Московский,691,30.07.2014,10,13033
4. Постановление Правительства СПб. об утверждении,"Терр. огр.  Большим Смоленским пр., ул Бабушкина, ул. Ольминского, ул.Пинегина",Невский,690,30.07.2014,7.3,13034
4. Постановление Правительства СПб. о внес. изменений,"Терр. огр. Северным пр., ул. Есенина, Лиственной ул., ул.Жака Дюкло, парком ""Сосновка""",Выборгский,688,30.07.2014,33.4,13035
4. Постановление Правительства СПб. об утверждении,"Терр. квартала 74Б ""Каменка"", ограниченного Глухарской ул., проектным продолжением пр.Авиаконструкторо",Приморский,689,30.07.2014,16.2,13038
4. Постановление Правительства СПб. об утверждении,Терр. огр. в планируемых границах искусственного земельного участка в Невской Губе Финского залива (Ба,Петроградский,692,30.07.2014,16.61,13170
4. Постановление Правительства СПб. об утверждении,"Терр. огр. Шуваловским пр., Парашютной ул., проектируемыми проездами,",Приморский,698,12.08.2014,76,13179
4. Постановление Правительства СПб. об утверждении,"Терр. огр. Пискаревским пр.,Муринским ручьем , административной границей  Санкт-Петербурга, береговой ",Красногвардейский,811,03.09.2014,551.5,13269
4. Постановление Правительства СПб. об утверждении,"Терр. огр. Волхонским ш, Пулковским ш, Рехколовским ш., административной границей с Ленинградской обла",Пушкинский,855,09.09.2014,75.3,13270
4. Постановление Правительства СПб. об утверждении,"Терр. огр. Загородной ул., Колпинской ул., ул. Севастьянова, проектируемым проездом  в г. Колпино",Колпинский,856,09.09.2014,53,13271
4. Распоряжение МинТранса об утверждении,"Терр. огр. объекта ""Строительство скоростной автомобильной дороги Москва-Санкт-Петербург""",Московский, 972-р,20.05.2014,294.4,13361
4. Распоряжение МинТранса об утверждении,"Терр. огр. объекта ""Строительство скоростной автомобильной дороги Москва-Санкт-Петербург""",Московский, 1086-р,04.06.2014,294.4,13362
4. Постановление Правительства СПб. об утверждении,"Терр. огр. Коломяжским пр.,проектируемым проездом №1,проектируемым проездом №2, проспектом Испытателей",Приморский,928,07.10.2014,36.6,13377
4. Постановление Правительства СПб. об утверждении,Терр. огр.  Рощинской ул. Цветочной ул. продолжением Иркутской ул. полосой отвода ж.д.,Московский,936,07.10.2014,1.4,13393
4. Постановление Правительства СПб. об утверждении,"Терр. огр. перспективной пробивкой Суздальского ш., перспективной магистралью, береговой линией  реки ",Приморский,1062,25.11.2014,76.7,13573
4. Постановление Правительства СПб. об утверждении,"Терр. огр. Дальневосточным пр., ул.Дыбенко, Октябрьской наб., проектируемым проездом",Невский,1064,25.11.2014,45.4,13574
4. Постановление Правительства СПб. об утверждении,"территория, ограниченная береговой линией р. М. Ижорки, перспективной магистралью, полосой отвода Октя",Колпинский,1065,25.11.2014,107.9,13575
4. Постановление Правительства СПб. об утверждении,"Терр. огр. Ольгинской дорогой, проектируемой улицей, 3-м Верхним пер., границей территориальной зоны """,Выборгский,1074,26.11.2014,43.2,13576
4. Постановление Правительства СПб. об утверждении,"Терр. огр. береговой линией р.Утки, границей функциональной зоны ПД, Приневской ул., полосой отвода же",Невский,1076,26.11.2014,61.9,13577
4. Постановление Правительства СПб. об утверждении,Терр. огр. ул. Руставели перспективным продолжением Северного пр. полосой отвода ж.д. межквартальным п,Калининский,1063,25.11.2014,17.6,13578
4. Постановление Правительства СПб. о внес. изменений,"Терр. огр. изменения в проект планировки территории, ограниченной Московским пр., наб. Обводного кан.,",Московский,1085,02.12.2014,18.1,13613
4. Постановление Правительства СПб. об утверждении,"Терр. огр. пр. Маршала Блюхера, Лабораторным пр., Бестужевской ул., перспективным продолжением Бестуже",Калининский,1086,02.12.2014,106.6,13631
4. Постановление Правительства СПб. об утверждении,"Терр. огр. продолжением Грибной ул., Левашовским шоссе, продолжением Приозерной ул., проектируемой ул.",Курортный,1126,16.12.2014,26.4,13655
4. Постановление Правительства СПб. об утверждении,"Терр. огр.  пр Славы, ул. Бухарестской,  Альпийским пер., ул. Будапештской",Фрунзенский,1127,16.12.2014,33.8,13677
4. Постановление Правительства СПб. об утверждении,"Терр. огр. Приморским шоссе границами водных объектов (Быстрого ручья, 8-го ручья) административной гр",Курортный,1128,16.12.2014,35.3,13678
4. Постановление Правительства СПб. об утверждении,"Терр. огр. Гатчинским ш., Красногородской ул., проектируемой магистралью,",Красносельский,1129,16.12.2014,42.7,13679
4. Постановление Правительства СПб. об утверждении,"Терр. огр. Аптекарским пр, Аптекарской наб., ул. Профессора Попова,. Инструментальной ул.",Петроградский,1130,16.12.2014,8.3,13680
4. Постановление Правительства СПб. об утверждении,"Терр. огр. ул. Литке, Цитадельским ш., границей функциональной  зоны ""РЗ"".береговой линией Невской Губ",Кронштадтский,1131,16.12.2014,65.6,13681
4. Постановление Правительства СПб. об утверждении,"Терр. огр. Полевой ул., Дубковским шоссе,  Дубковским пер., Зарубинским проездом",Курортный,1144,18.12.2014,2.3,13682
4. Постановление Правительства СПб. об утверждении,"Терр. огр. ул.Одоевского, Уральской ул., наб.реки Смоленки, межквартальным проездом, в",Василеостровский,1146,18.12.2014,20.8,13683
4. Постановление Правительства СПб. об утверждении,"Санкт-Петербург, территория,ограниченная пр. Александровской Фермы,проектируемым проездом,Тихой ул.,пр",Невский,1155,18.12.2014,9.3,13684
4. Постановление Правительства СПб. об утверждении,Терр. огр. базисного квартала 7723В (северо-западнее пересечения Волхонского и Пулковского шоссе),Московский,1156,18.12.2014,508.77,13685
4. Постановление Правительства СПб. об утверждении,"Терр. квартала 75 б и 74 г, ограниченного пр.Королева, проектируемой ул., проектным продолжением Нижне",Приморский,1186,18.12.2014,24.9,13686
4. Постановление Правительства СПб. об утверждении,"Терр. огр. пр. Буденного, границами территориальных зон ТД-2_2, ТР2, ТР4, ТЗЖ2, проектируемой улицей, ",Красносельский,1187,18.12.2014,156.5,13687
4. Постановление Правительства СПб. об утверждении,"Терр. огр. Пискаревским пр., перспективной пробивкой Северного пр. , Ручьевской дорогой",Красногвардейский,1188,18.12.2014,41.6,13688
4. Постановление Правительства СПб. о внес. изменений,"Терр. огр. Московским пр., наб.Обводного кан., полосой отвода Балтийской линии Октябрьской железной до",Московский,1189,18.12.2014,24.9,13689
4. Постановление Правительства СПб. об утверждении,"Терр. огр. 1-м Муринским пр., линией отвода ж.д., ул.Капитана Воронина, Большим Сампсониевским пр.",Выборгский,1190,18.12.2014,4.8,13690
4. Постановление Правительства СПб. об утверждении,"Терр. огр. Пулковским шоссе, проектируемыми проездами,",Московский,1156,18.12.2014,14.8,13721
4. Постановление Правительства СПб. о внес. изменений,"Терр. огр. территории Невской Губы Финского залива западнее Васильевского острова, ограниченной ЗСД, г",Василеостровский,1224,22.12.2014,480.7,13723
4. Постановление Правительства СПб. об утверждении,"Терр. огр. Герасимовской ул., ул. Замшина, пр. М. Блюхера, Кондратьевским пр.,",Калининский,1223,22.12.2014,34.9,13724
4. Постановление Правительства СПб. об утверждении,"ограниченная Шуваловским пр., Парашютной ул., перспективным проездом и пр Королева",Приморский,1222,22.12.2014,31.7,13725
4. Постановление Правительства СПб. о внес. изменений,"Терр. огр. расположенной в створе Таллинской ул., береговой линией реки Невы,",Красногвардейский,1221,22.12.2014,0.9,13726
4. Постановление Правительства СПб. об утверждении,"Терр. огр. Дальневосточным  пр., ул.Антонова-Овсеенко, Искровским пр., ул.Дыбенко",Невский,1218,22.12.2014,32.8,13727
4. Постановление Правительства СПб. об утверждении,"Терр. огр. пр.Шаумяна, Республиканской ул., Новочеркасским пр., проектируемым продолжением ул. Помялов",Красногвардейский,1212,22.12.2014,20.7,13728
4. Постановление Правительства СПб. об утверждении,"Терр. огр. границей земельного участка с кад.№ 78:38:11229Б:1,береговой линией Водосливного канала, ул",Приморский,1296,29.12.2014,860,13742
4. Постановление Правительства СПб. об утверждении,"Терр. огр. Дальневосточным пр. ул. Дыбенко, Октябрьской наб. ,ул. Крыленко",Невский,1281,29.12.2014,58.9,13743
4. Постановление Правительства СПб. об утверждении,"Терр. огр.  проектным продолжением Глухарской ул, проектным продолжением Комендантского пр., границей ",Приморский,1280,29.12.2014,12.5,13744
4. Постановление Правительства СПб. об утверждении,"Терр. огр. трассой Западного скоростного диаметра, Приморским пр., створом Стародеревенской ул., берег",Приморский,1225,22.12.2014,27.3,13745
4. Постановление Правительства СПб. об утверждении,"Терр. огр. пр. Обуховской Обороны, Общественным пер., береговой линией р. Невы, проектируемым проездом",Невский,1219,22.12.2014,5.9,13746
4. Постановление Правительства СПб. об утверждении,"Терр. огр. пр. Обуховской Обороны, проектируемым проездом, береговой линией р. Невы, границей территор",Невский,1217,22.12.2014,25.1,13747
4. Постановление Правительства СПб. об утверждении,Терр. огр. пр. Тореза Дрезденской ул. межквартальным проездом Манчестерской ул. пр. Энгельса,Выборгский,1215,22.12.2014,112.1,13748
4. Постановление Правительства СПб. об утверждении,"Терр. огр. Смольным пр., Синопской наб., Тульской ул., ул. Бонч-Бруевича",Центральный,1214,22.12.2014,6.3,13749
4. Постановление Правительства СПб. об утверждении,"Терр. огр. пр. Королева, Плесецкой ул., проектируемым проездом, береговой линией реки Каменки",Приморский,1213,22.12.2014,169.4,13750
4. Постановление Правительства СПб. об утверждении,"Терр. огр. Дунайским пр., М. Балканской ул., ул. Олеко Дундича, Балканской ул. во Фрунзенском районе С",Фрунзенский,144,17.02.2015,11.8,13872
4. Постановление Правительства СПб. об утверждении,"Терр. огр. наб. Обводного канала, Лиговским пр., Курской ул., Воронежской ул.",Фрунзенский,143,17.02.2015,6,13873
4. Постановление Правительства СПб. об утверждении,Терр. огр.  пер. Слепушкина ул. Тепловозной продолжением Караваевского пер. полосой отвода ж.д. берего,Невский,145,17.02.2015,68.5,13877
4. Постановление Правительства СПб. о внес. изменений,"Терр. огр. изменения   в проект планировки и межевания  территории квартала 24-27 района Полюстрово, в",Калининский,215,24.02.2015,49.23,13913
4. Постановление Правительства СПб. об утверждении,"Терр. огр. ул. Победы, Полигонным пер., проектируемым продолжением Ораниенбаумского пр.. проектируемой",Петродворцовый,213,24.02.2015,32.62,13914
4. Постановление Правительства СПб. об утверждении,"Терр. огр. Приморским шоссе, ул.Володарского, ул.Пограничников, набережной р.Сестры, продолжением ул.Б",Курортный,214,24.02.2015,33.46,13916
4. Постановление Правительства СПб. об утверждении,"Терр. огр. Бестужевской ул., Екатерининским пр, пр. Маршала  Блюхера, Пискаревским пр.",Красногвардейский,216,24.02.2015,45.5,13917
